polymer,product_type,compliance,application,sub_application,code1,code2,code3,code4,code5,alpha_code,product_code,gross_margin
PE,BLACK,NON-R,ENG. POLYMER,N.A.,E,BL,L,E,O,EBLLEO,10XXX,500.0
PE,BLACK,NON-R,N.A.,N.A.,E,BL,L,O,O,EBLLOO,10XXX,100.0
PE,BLACK,REACH,PIPE,N.A.,E,BL,C,P,O,EBLCPO,10XXX,40.0
PE,BLACK,REACH,FILM,N.A.,E,BL,C,F,O,EBLCFO,10XXX,50.0
PE,BLACK,REACH,MOULDING,N.A.,E,BL,C,M,O,EBLCMO,10XXX,80.0
PE,BLACK,REACH,CABLE,XLPE,E,BL,C,W,X,EBLCWX,10XXX,125.0
PE,BLACK,REACH,CABLE,ZHFR,E,BL,C,W,Z,EBLCWZ,10XXX,150.0
PE,BLACK,REACH,ENG. POLYMER,N.A.,E,BL,C,E,O,EBLCEO,10XXX,500.0
PE,BLACK,REACH,N.A.,N.A.,E,BL,C,O,O,EBLCOO,10XXX,100.0
PE,GREY,NON-R,FILM,N.A.,E,GY,L,F,O,EGYLFO,15XXX,60.0
PE,GREY,NON-R,FILM,WOVEN,E,GY,L,F,W,EGYLFW,15XXX,55.0
PE,GREY,NON-R,FILM,FLORO,E,GY,L,F,F,EGYLFF,15XXX,100.0
PE,GREY,NON-R,FILM,METALLIC,E,GY,L,F,M,EGYLFM,MT15XX,150.0
PE,GREY,NON-R,MOULDING,N.A.,E,GY,L,M,O,EGYLMO,15XXX,80.0
PE,GREY,NON-R,MOULDING,FLORO,E,GY,L,M,F,EGYLMF,15XXX,100.0
PE,GREY,NON-R,MOULDING,METALLIC,E,GY,L,M,M,EGYLMM,MT15XX,150.0
PE,GREY,NON-R,CABLE,XLPE,E,GY,L,W,X,EGYLWX,15XXX,125.0
PE,GREY,NON-R,CABLE,ZHFR,E,GY,L,W,Z,EGYLWZ,15XXX,150.0
PE,GREY,NON-R,ENG. POLYMER,N.A.,E,GY,L,E,O,EGYLEO,15XXX,350.0
PE,GREY,NON-R,N.A.,N.A.,E,GY,L,O,O,EGYLOO,15XXX,100.0
PE,GREY,REACH,FILM,N.A.,E,GY,C,F,O,EGYCFO,15XXX,60.0
PE,GREY,REACH,FILM,WOVEN,E,GY,C,F,W,EGYCFW,15XXX,55.0
PE,GREY,REACH,FILM,FLORO,E,GY,C,F,F,EGYCFF,15XXX,100.0
PE,GREY,REACH,FILM,METALLIC,E,GY,C,F,M,EGYCFM,MT155X,150.0
PE,GREY,REACH,MOULDING,N.A.,E,GY,C,M,O,EGYCMO,15XXX,80.0
PE,GREY,REACH,MOULDING,FLORO,E,GY,C,M,F,EGYCMF,15XXX,100.0
PE,GREY,REACH,MOULDING,METALLIC,E,GY,C,M,M,EGYCMM,MT155X,150.0
PE,GREY,REACH,CABLE,XLPE,E,GY,C,W,X,EGYCWX,15XXX,125.0
PE,GREY,REACH,CABLE,ZHFR,E,GY,C,W,Z,EGYCWZ,15XXX,150.0
PE,GREY,REACH,ENG. POLYMER,N.A.,E,GY,C,E,O,EGYCEO,15XXX,350.0
PE,GREY,REACH,N.A.,N.A.,E,GY,C,O,O,EGYCOO,15XXX,100.0
PE,WHITE,NON-R,FILM,N.A.,E,WH,L,F,O,EWHLFO,20XXX,50.0
PE,WHITE,NON-R,FILM,METALLIC,E,WH,L,F,M,EWHLFM,MT20XX,100.0
PE,WHITE,NON-R,MOULDING,N.A.,E,WH,L,M,O,EWHLMO,20XXX,50.0
PE,WHITE,NON-R,MOULDING,METALLIC,E,WH,L,M,M,EWHLMM,MT20XX,100.0
PE,WHITE,NON-R,CABLE,XLPE,E,WH,L,W,X,EWHLWX,20XXX,125.0
PE,WHITE,NON-R,CABLE,ZHFR,E,WH,L,W,Z,EWHLWZ,20XXX,150.0
PE,WHITE,NON-R,ENG. POLYMER,N.A.,E,WH,L,E,O,EWHLEO,20XXX,500.0
PE,WHITE,NON-R,N.A.,N.A.,E,WH,L,O,O,EWHLOO,20XXX,100.0
PE,WHITE,REACH,FILM,N.A.,E,WH,C,F,O,EWHCFO,20XXX,50.0
PE,WHITE,REACH,FILM,METALLIC,E,WH,C,F,M,EWHCFM,MT205X,100.0
PE,WHITE,REACH,MOULDING,N.A.,E,WH,C,M,O,EWHCMO,20XXX,50.0
PE,WHITE,REACH,MOULDING,METALLIC,E,WH,C,M,M,EWHCMM,MT205X,100.0
PE,WHITE,REACH,CABLE,XLPE,E,WH,C,W,X,EWHCWX,20XXX,125.0
PE,WHITE,REACH,CABLE,ZHFR,E,WH,C,W,Z,EWHCWZ,20XXX,150.0
PE,WHITE,REACH,ENG. POLYMER,N.A.,E,WH,C,E,O,EWHCEO,20XXX,500.0
PE,WHITE,REACH,N.A.,N.A.,E,WH,C,O,O,EWHCOO,20XXX,100.0
PE,RED,NON-R,FILM,N.A.,E,RD,L,F,O,ERDLFO,30XXX,60.0
PE,RED,NON-R,FILM,WOVEN,E,RD,L,F,W,ERDLFW,30XXX,55.0
PE,RED,NON-R,FILM,FLORO,E,RD,L,F,F,ERDLFF,30XXX,100.0
PE,RED,NON-R,FILM,METALLIC,E,RD,L,F,M,ERDLFM,MT30XX,150.0
PE,RED,NON-R,MOULDING,N.A.,E,RD,L,M,O,ERDLMO,30XXX,80.0
PE,RED,NON-R,MOULDING,FLORO,E,RD,L,M,F,ERDLMF,30XXX,100.0
PE,RED,NON-R,MOULDING,METALLIC,E,RD,L,M,M,ERDLMM,MT30XX,150.0
PE,RED,NON-R,CABLE,XLPE,E,RD,L,W,X,ERDLWX,30XXX,125.0
PE,RED,NON-R,CABLE,ZHFR,E,RD,L,W,Z,ERDLWZ,30XXX,150.0
PE,RED,NON-R,ENG. POLYMER,N.A.,E,RD,L,E,O,ERDLEO,30XXX,350.0
PE,RED,NON-R,N.A.,N.A.,E,RD,L,O,O,ERDLOO,30XXX,100.0
PE,RED,REACH,FILM,N.A.,E,RD,C,F,O,ERDCFO,30XXX,60.0
PE,RED,REACH,FILM,WOVEN,E,RD,C,F,W,ERDCFW,30XXX,55.0
PE,RED,REACH,FILM,FLORO,E,RD,C,F,F,ERDCFF,30XXX,100.0
PE,RED,REACH,FILM,METALLIC,E,RD,C,F,M,ERDCFM,MT305X,150.0
PE,RED,REACH,MOULDING,N.A.,E,RD,C,M,O,ERDCMO,30XXX,80.0
PE,RED,REACH,MOULDING,FLORO,E,RD,C,M,F,ERDCMF,30XXX,100.0
PE,RED,REACH,MOULDING,METALLIC,E,RD,C,M,M,ERDCMM,MT305X,150.0
PE,RED,REACH,CABLE,XLPE,E,RD,C,W,X,ERDCWX,30XXX,125.0
PE,RED,REACH,CABLE,ZHFR,E,RD,C,W,Z,ERDCWZ,30XXX,150.0
PE,RED,REACH,ENG. POLYMER,N.A.,E,RD,C,E,O,ERDCEO,30XXX,350.0
PE,RED,REACH,N.A.,N.A.,E,RD,C,O,O,ERDCOO,30XXX,100.0
PE,GREEN,NON-R,FILM,N.A.,E,GR,L,F,O,EGRLFO,40XXX,60.0
PE,GREEN,NON-R,FILM,WOVEN,E,GR,L,F,W,EGRLFW,40XXX,55.0
PE,GREEN,NON-R,FILM,FLORO,E,GR,L,F,F,EGRLFF,40XXX,100.0
PE,GREEN,NON-R,FILM,METALLIC,E,GR,L,F,M,EGRLFM,MT40XX,150.0
PE,GREEN,NON-R,MOULDING,N.A.,E,GR,L,M,O,EGRLMO,40XXX,80.0
PE,GREEN,NON-R,MOULDING,FLORO,E,GR,L,M,F,EGRLMF,40XXX,100.0
PE,GREEN,NON-R,MOULDING,METALLIC,E,GR,L,M,M,EGRLMM,MT40XX,150.0
PE,GREEN,NON-R,CABLE,XLPE,E,GR,L,W,X,EGRLWX,40XXX,125.0
PE,GREEN,NON-R,CABLE,ZHFR,E,GR,L,W,Z,EGRLWZ,40XXX,150.0
PE,GREEN,NON-R,ENG. POLYMER,N.A.,E,GR,L,E,O,EGRLEO,40XXX,350.0
PE,GREEN,NON-R,N.A.,N.A.,E,GR,L,O,O,EGRLOO,40XXX,100.0
PE,GREEN,REACH,FILM,N.A.,E,GR,C,F,O,EGRCFO,40XXX,60.0
PE,GREEN,REACH,FILM,WOVEN,E,GR,C,F,W,EGRCFW,40XXX,55.0
PE,GREEN,REACH,FILM,FLORO,E,GR,C,F,F,EGRCFF,40XXX,100.0
PE,GREEN,REACH,FILM,METALLIC,E,GR,C,F,M,EGRCFM,MT405X,150.0
PE,GREEN,REACH,MOULDING,N.A.,E,GR,C,M,O,EGRCMO,40XXX,80.0
PE,GREEN,REACH,MOULDING,FLORO,E,GR,C,M,F,EGRCMF,40XXX,100.0
PE,GREEN,REACH,MOULDING,METALLIC,E,GR,C,M,M,EGRCMM,MT405X,150.0
PE,BLACK,NON-R,FILM,N.A.,E,BL,L,F,O,EBLLFO,10XXX,400.0
PE,BLACK,NON-R,MOULDING,N.A.,E,BL,L,M,O,EBLLMO,10XXX,500.0
PE,BLACK,NON-R,CABLE,XLPE,E,BL,L,W,X,EBLLWX,10XXX,1250.0
PE,BLACK,NON-R,CABLE,ZHFR,E,BL,L,W,Z,EBLLWZ,10XXX,150.0
PE,BLACK,NON-R,SHOE,N.A.,E,BL,L,S,O,EBLLSO,10XXX,400.0
PE,GREEN,REACH,CABLE,XLPE,E,GR,C,W,X,EGRCWX,40XXX,125.0
PE,GREEN,REACH,CABLE,ZHFR,E,GR,C,W,Z,EGRCWZ,40XXX,150.0
PE,GREEN,REACH,ENG. POLYMER,N.A.,E,GR,C,E,O,EGRCEO,40XXX,350.0
PE,GREEN,REACH,N.A.,N.A.,E,GR,C,O,O,EGRCOO,40XXX,100.0
PE,YELLOW,NON-R,FILM,N.A.,E,YL,L,F,O,EYLLFO,50XXX,60.0
PE,YELLOW,NON-R,FILM,WOVEN,E,YL,L,F,W,EYLLFW,50XXX,55.0
PE,YELLOW,NON-R,FILM,FLORO,E,YL,L,F,F,EYLLFF,50XXX,100.0
PE,YELLOW,NON-R,FILM,METALLIC,E,YL,L,F,M,EYLLFM,MT50XX,150.0
PE,YELLOW,NON-R,MOULDING,N.A.,E,YL,L,M,O,EYLLMO,50XXX,80.0
PE,YELLOW,NON-R,MOULDING,FLORO,E,YL,L,M,F,EYLLMF,50XXX,100.0
PE,YELLOW,NON-R,MOULDING,METALLIC,E,YL,L,M,M,EYLLMM,MT50XX,150.0
PE,YELLOW,NON-R,CABLE,XLPE,E,YL,L,W,X,EYLLWX,50XXX,125.0
PE,YELLOW,NON-R,CABLE,ZHFR,E,YL,L,W,Z,EYLLWZ,50XXX,150.0
PE,YELLOW,NON-R,ENG. POLYMER,N.A.,E,YL,L,E,O,EYLLEO,50XXX,350.0
PE,YELLOW,NON-R,N.A.,N.A.,E,YL,L,O,O,EYLLOO,50XXX,100.0
PE,YELLOW,REACH,FILM,N.A.,E,YL,C,F,O,EYLCFO,50XXX,60.0
PE,YELLOW,REACH,FILM,WOVEN,E,YL,C,F,W,EYLCFW,50XXX,55.0
PE,YELLOW,REACH,FILM,FLORO,E,YL,C,F,F,EYLCFF,50XXX,100.0
PE,YELLOW,REACH,FILM,METALLIC,E,YL,C,F,M,EYLCFM,MT505X,150.0
PE,YELLOW,REACH,MOULDING,N.A.,E,YL,C,M,O,EYLCMO,50XXX,80.0
PE,YELLOW,REACH,MOULDING,FLORO,E,YL,C,M,F,EYLCMF,50XXX,100.0
PE,YELLOW,REACH,MOULDING,METALLIC,E,YL,C,M,M,EYLCMM,MT505X,150.0
PE,YELLOW,REACH,CABLE,XLPE,E,YL,C,W,X,EYLCWX,50XXX,125.0
PE,YELLOW,REACH,CABLE,ZHFR,E,YL,C,W,Z,EYLCWZ,50XXX,150.0
PE,YELLOW,REACH,ENG. POLYMER,N.A.,E,YL,C,E,O,EYLCEO,50XXX,350.0
PE,YELLOW,REACH,N.A.,N.A.,E,YL,C,O,O,EYLCOO,50XXX,100.0
PE,BLUE,NON-R,FILM,N.A.,E,BU,L,F,O,EBULFO,60XXX,60.0
PE,BLUE,NON-R,FILM,WOVEN,E,BU,L,F,W,EBULFW,60XXX,55.0
PE,BLUE,NON-R,FILM,FLORO,E,BU,L,F,F,EBULFF,60XXX,100.0
PE,BLUE,NON-R,FILM,METALLIC,E,BU,L,F,M,EBULFM,MT60XX,150.0
PE,BLUE,NON-R,MOULDING,N.A.,E,BU,L,M,O,EBULMO,60XXX,80.0
PE,BLUE,NON-R,MOULDING,FLORO,E,BU,L,M,F,EBULMF,60XXX,100.0
PE,BLUE,NON-R,MOULDING,METALLIC,E,BU,L,M,M,EBULMM,MT60XX,150.0
PE,BLUE,NON-R,CABLE,XLPE,E,BU,L,W,X,EBULWX,60XXX,125.0
PE,BLUE,NON-R,CABLE,ZHFR,E,BU,L,W,Z,EBULWZ,60XXX,150.0
PE,BLUE,NON-R,ENG. POLYMER,N.A.,E,BU,L,E,O,EBULEO,60XXX,350.0
PE,BLUE,NON-R,N.A.,N.A.,E,BU,L,O,O,EBULOO,60XXX,100.0
PE,BLUE,REACH,FILM,N.A.,E,BU,C,F,O,EBUCFO,60XXX,60.0
PE,BLUE,REACH,FILM,WOVEN,E,BU,C,F,W,EBUCFW,60XXX,55.0
PE,BLUE,REACH,FILM,FLORO,E,BU,C,F,F,EBUCFF,60XXX,100.0
PE,BLUE,REACH,FILM,METALLIC,E,BU,C,F,M,EBUCFM,MT605X,150.0
PE,BLUE,REACH,MOULDING,N.A.,E,BU,C,M,O,EBUCMO,60XXX,80.0
PE,BLUE,REACH,MOULDING,FLORO,E,BU,C,M,F,EBUCMF,60XXX,100.0
PE,BLUE,REACH,MOULDING,METALLIC,E,BU,C,M,M,EBUCMM,MT605X,150.0
PE,BLUE,REACH,CABLE,XLPE,E,BU,C,W,X,EBUCWX,60XXX,125.0
PE,BLUE,REACH,CABLE,ZHFR,E,BU,C,W,Z,EBUCWZ,60XXX,150.0
PE,BLUE,REACH,ENG. POLYMER,N.A.,E,BU,C,E,O,EBUCEO,60XXX,350.0
PE,BLUE,REACH,N.A.,N.A.,E,BU,C,O,O,EBUCOO,60XXX,100.0
PE,ORANGE,NON-R,FILM,N.A.,E,OR,L,F,O,EORLFO,70XXX,80.0
PE,ORANGE,NON-R,FILM,WOVEN,E,OR,L,F,W,EORLFW,70XXX,75.0
PE,ORANGE,NON-R,FILM,FLORO,E,OR,L,F,F,EORLFF,70XXX,120.0
PE,ORANGE,NON-R,FILM,METALLIC,E,OR,L,F,M,EORLFM,MT70XX,170.0
PE,ORANGE,NON-R,MOULDING,N.A.,E,OR,L,M,O,EORLMO,70XXX,100.0
PE,ORANGE,NON-R,MOULDING,FLORO,E,OR,L,M,F,EORLMF,70XXX,120.0
PE,ORANGE,NON-R,MOULDING,METALLIC,E,OR,L,M,M,EORLMM,MT70XX,170.0
PE,ORANGE,NON-R,CABLE,XLPE,E,OR,L,W,X,EORLWX,70XXX,145.0
PE,ORANGE,NON-R,CABLE,ZHFR,E,OR,L,W,Z,EORLWZ,70XXX,170.0
PE,ORANGE,NON-R,ENG. POLYMER,N.A.,E,OR,L,E,O,EORLEO,70XXX,370.0
PE,ORANGE,NON-R,N.A.,N.A.,E,OR,L,O,O,EORLOO,70XXX,120.0
PE,ORANGE,REACH,FILM,N.A.,E,OR,C,F,O,EORCFO,70XXX,80.0
PE,ORANGE,REACH,FILM,WOVEN,E,OR,C,F,W,EORCFW,70XXX,75.0
PE,ORANGE,REACH,FILM,FLORO,E,OR,C,F,F,EORCFF,70XXX,120.0
PE,ORANGE,REACH,FILM,METALLIC,E,OR,C,F,M,EORCFM,MT705X,170.0
PE,ORANGE,REACH,MOULDING,N.A.,E,OR,C,M,O,EORCMO,70XXX,100.0
PE,ORANGE,REACH,MOULDING,FLORO,E,OR,C,M,F,EORCMF,70XXX,120.0
PE,ORANGE,REACH,MOULDING,METALLIC,E,OR,C,M,M,EORCMM,MT705X,170.0
PE,ORANGE,REACH,CABLE,XLPE,E,OR,C,W,X,EORCWX,70XXX,145.0
PE,ORANGE,REACH,CABLE,ZHFR,E,OR,C,W,Z,EORCWZ,70XXX,170.0
PE,ORANGE,REACH,ENG. POLYMER,N.A.,E,OR,C,E,O,EORCEO,70XXX,370.0
PE,ORANGE,REACH,N.A.,N.A.,E,OR,C,O,O,EORCOO,70XXX,120.0
PE,VIOLET,NON-R,FILM,N.A.,E,VL,L,F,O,EVLLFO,80XXX,80.0
PE,VIOLET,NON-R,FILM,WOVEN,E,VL,L,F,W,EVLLFW,80XXX,75.0
PE,VIOLET,NON-R,FILM,FLORO,E,VL,L,F,F,EVLLFF,80XXX,120.0
PE,VIOLET,NON-R,FILM,METALLIC,E,VL,L,F,M,EVLLFM,MT80XX,170.0
PE,VIOLET,NON-R,MOULDING,N.A.,E,VL,L,M,O,EVLLMO,80XXX,100.0
PE,VIOLET,NON-R,MOULDING,FLORO,E,VL,L,M,F,EVLLMF,80XXX,120.0
PE,VIOLET,NON-R,MOULDING,METALLIC,E,VL,L,M,M,EVLLMM,MT80XX,170.0
PE,VIOLET,NON-R,CABLE,XLPE,E,VL,L,W,X,EVLLWX,80XXX,145.0
PE,VIOLET,NON-R,CABLE,ZHFR,E,VL,L,W,Z,EVLLWZ,80XXX,170.0
PE,VIOLET,NON-R,ENG. POLYMER,N.A.,E,VL,L,E,O,EVLLEO,80XXX,370.0
PE,VIOLET,NON-R,N.A.,N.A.,E,VL,L,O,O,EVLLOO,80XXX,120.0
PE,VIOLET,REACH,FILM,N.A.,E,VL,C,F,O,EVLCFO,80XXX,80.0
PE,VIOLET,REACH,FILM,WOVEN,E,VL,C,F,W,EVLCFW,80XXX,75.0
PE,VIOLET,REACH,FILM,FLORO,E,VL,C,F,F,EVLCFF,80XXX,120.0
PE,VIOLET,REACH,FILM,METALLIC,E,VL,C,F,M,EVLCFM,MT805X,170.0
PE,VIOLET,REACH,MOULDING,N.A.,E,VL,C,M,O,EVLCMO,80XXX,100.0
PE,VIOLET,REACH,MOULDING,FLORO,E,VL,C,M,F,EVLCMF,80XXX,120.0
PE,VIOLET,REACH,MOULDING,METALLIC,E,VL,C,M,M,EVLCMM,MT805X,170.0
PE,VIOLET,REACH,CABLE,XLPE,E,VL,C,W,X,EVLCWX,80XXX,145.0
PE,VIOLET,REACH,CABLE,ZHFR,E,VL,C,W,Z,EVLCWZ,80XXX,170.0
PE,VIOLET,REACH,ENG. POLYMER,N.A.,E,VL,C,E,O,EVLCEO,80XXX,370.0
PE,VIOLET,REACH,N.A.,N.A.,E,VL,C,O,O,EVLCOO,80XXX,120.0
PE,PINK,NON-R,FILM,N.A.,E,PK,L,F,O,EPKLFO,85XXX,80.0
PE,PINK,NON-R,FILM,WOVEN,E,PK,L,F,W,EPKLFW,85XXX,75.0
PE,PINK,NON-R,FILM,FLORO,E,PK,L,F,F,EPKLFF,85XXX,120.0
PE,PINK,NON-R,FILM,METALLIC,E,PK,L,F,M,EPKLFM,MT85XX,170.0
PE,PINK,NON-R,MOULDING,N.A.,E,PK,L,M,O,EPKLMO,85XXX,100.0
PE,PINK,NON-R,MOULDING,FLORO,E,PK,L,M,F,EPKLMF,85XXX,120.0
PE,PINK,NON-R,MOULDING,METALLIC,E,PK,L,M,M,EPKLMM,MT85XX,170.0
PE,PINK,NON-R,CABLE,XLPE,E,PK,L,W,X,EPKLWX,85XXX,145.0
PE,PINK,NON-R,CABLE,ZHFR,E,PK,L,W,Z,EPKLWZ,85XXX,170.0
PE,PINK,NON-R,ENG. POLYMER,N.A.,E,PK,L,E,O,EPKLEO,85XXX,370.0
PE,PINK,NON-R,N.A.,N.A.,E,PK,L,O,O,EPKLOO,85XXX,120.0
PE,PINK,ROHS1,N.A.,N.A.,E,PK,H,O,O,EPKHOO,85XXX,120.0
PE,PINK,REACH,FILM,N.A.,E,PK,C,F,O,EPKCFO,85XXX,80.0
PE,PINK,REACH,FILM,WOVEN,E,PK,C,F,W,EPKCFW,85XXX,75.0
PE,PINK,REACH,FILM,FLORO,E,PK,C,F,F,EPKCFF,85XXX,120.0
PE,PINK,REACH,FILM,METALLIC,E,PK,C,F,M,EPKCFM,MT855X,170.0
PE,PINK,REACH,MOULDING,N.A.,E,PK,C,M,O,EPKCMO,85XXX,100.0
PE,PINK,REACH,MOULDING,FLORO,E,PK,C,M,F,EPKCMF,85XXX,120.0
PE,PINK,REACH,MOULDING,METALLIC,E,PK,C,M,M,EPKCMM,MT855X,170.0
PE,PINK,REACH,CABLE,XLPE,E,PK,C,W,X,EPKCWX,85XXX,145.0
PE,PINK,REACH,CABLE,ZHFR,E,PK,C,W,Z,EPKCWZ,85XXX,170.0
PE,PINK,REACH,ENG. POLYMER,N.A.,E,PK,C,E,O,EPKCEO,85XXX,370.0
PE,PINK,REACH,N.A.,N.A.,E,PK,C,O,O,EPKCOO,85XXX,120.0
PE,BROWN,NON-R,FILM,N.A.,E,BW,L,F,O,EBWLFO,90XXX,80.0
PE,BROWN,NON-R,FILM,WOVEN,E,BW,L,F,W,EBWLFW,90XXX,75.0
PE,BROWN,NON-R,FILM,FLORO,E,BW,L,F,F,EBWLFF,90XXX,120.0
PE,BROWN,NON-R,FILM,METALLIC,E,BW,L,F,M,EBWLFM,MT90XX,170.0
PE,BROWN,NON-R,MOULDING,N.A.,E,BW,L,M,O,EBWLMO,90XXX,100.0
PE,BROWN,NON-R,MOULDING,FLORO,E,BW,L,M,F,EBWLMF,90XXX,120.0
PE,BROWN,NON-R,MOULDING,METALLIC,E,BW,L,M,M,EBWLMM,MT90XX,170.0
PE,BROWN,NON-R,CABLE,XLPE,E,BW,L,W,X,EBWLWX,90XXX,145.0
PE,BROWN,NON-R,CABLE,ZHFR,E,BW,L,W,Z,EBWLWZ,90XXX,170.0
PE,BROWN,NON-R,ENG. POLYMER,N.A.,E,BW,L,E,O,EBWLEO,90XXX,370.0
PE,BROWN,NON-R,N.A.,N.A.,E,BW,L,O,O,EBWLOO,90XXX,120.0
PE,BROWN,REACH,FILM,N.A.,E,BW,C,F,O,EBWCFO,90XXX,80.0
PE,BROWN,REACH,FILM,WOVEN,E,BW,C,F,W,EBWCFW,90XXX,75.0
PE,BROWN,REACH,FILM,FLORO,E,BW,C,F,F,EBWCFF,90XXX,120.0
PE,BROWN,REACH,FILM,METALLIC,E,BW,C,F,M,EBWCFM,MT905X,170.0
PE,BROWN,REACH,MOULDING,N.A.,E,BW,C,M,O,EBWCMO,90XXX,100.0
PE,BROWN,REACH,MOULDING,FLORO,E,BW,C,M,F,EBWCMF,90XXX,120.0
PE,BROWN,REACH,MOULDING,METALLIC,E,BW,C,M,M,EBWCMM,MT905X,170.0
PE,BROWN,REACH,CABLE,XLPE,E,BW,C,W,X,EBWCWX,90XXX,145.0
PE,BROWN,REACH,CABLE,ZHFR,E,BW,C,W,Z,EBWCWZ,90XXX,170.0
PE,BROWN,REACH,ENG. POLYMER,N.A.,E,BW,C,E,O,EBWCEO,90XXX,370.0
PE,BROWN,REACH,N.A.,N.A.,E,BW,C,O,O,EBWCOO,90XXX,120.0
PVC,BLACK,NON-R,SHOE,N.A.,C,BL,L,S,O,CBLLSO,11XXX,50.0
PVC,BLACK,NON-R,CABLE,N.A.,C,BL,L,W,O,CBLLWO,11XXX,50.0
PVC,BLACK,NON-R,N.A.,N.A.,C,BL,L,O,O,CBLLOO,11XXX,80.0
PVC,BLACK,ROHS1,SHOE,N.A.,C,BL,H,S,O,CBLHSO,11XXX,50.0
PVC,BLACK,ROHS1,CABLE,N.A.,C,BL,H,W,O,CBLHWO,11XXX,50.0
PVC,BLACK,ROHS1,N.A.,N.A.,C,BL,H,O,O,CBLHOO,11XXX,100.0
PVC,BLACK,REACH,SHOE,N.A.,C,BL,C,S,O,CBLCSO,115XX,70.0
PVC,BLACK,REACH,CABLE,N.A.,C,BL,C,W,O,CBLCWO,115XX,75.0
PVC,BLACK,REACH,N.A.,N.A.,C,BL,C,O,O,CBLCOO,115XX,125.0
PVC,GREY,NON-R,SHOE,N.A.,C,GY,L,S,O,CGYLSO,16XXX,50.0
PVC,GREY,NON-R,SHOE,FLORO,C,GY,L,S,F,CGYLSF,16XXX,60.0
PVC,GREY,NON-R,SHOE,METALLIC,C,GY,L,S,M,CGYLSM,MT16XX,60.0
PVC,GREY,NON-R,CABLE,N.A.,C,GY,L,W,O,CGYLWO,16XXX,75.0
PVC,GREY,NON-R,CABLE,FLORO,C,GY,L,W,F,CGYLWF,16XXX,125.0
PVC,GREY,NON-R,CABLE,METALLIC,C,GY,L,W,M,CGYLWM,MT16XX,125.0
PVC,GREY,NON-R,N.A.,N.A.,C,GY,L,O,O,CGYLOO,16XXX,150.0
PVC,GREY,ROHS1,SHOE,N.A.,C,GY,H,S,O,CGYHSO,16XXX,50.0
PVC,GREY,ROHS1,SHOE,FLORO,C,GY,H,S,F,CGYHSF,16XXX,60.0
PVC,GREY,ROHS1,SHOE,METALLIC,C,GY,H,S,M,CGYHSM,MT16XX,60.0
PVC,GREY,ROHS1,CABLE,N.A.,C,GY,H,W,O,CGYHWO,16XXX,75.0
PVC,GREY,ROHS1,CABLE,FLORO,C,GY,H,W,F,CGYHWF,16XXX,125.0
PVC,GREY,ROHS1,CABLE,METALLIC,C,GY,H,W,M,CGYHWM,MT16XX,125.0
PVC,GREY,ROHS1,N.A.,N.A.,C,GY,H,O,O,CGYHOO,16XXX,150.0
PVC,GREY,REACH,SHOE,N.A.,C,GY,C,S,O,CGYCSO,165XX,80.0
PVC,GREY,REACH,SHOE,FLORO,C,GY,C,S,F,CGYCSF,165XX,100.0
PVC,GREY,REACH,SHOE,METALLIC,C,GY,C,S,M,CGYCSM,MT165X,100.0
PVC,GREY,REACH,CABLE,N.A.,C,GY,C,W,O,CGYCWO,165XX,100.0
PVC,GREY,REACH,CABLE,FLORO,C,GY,C,W,F,CGYCWF,165XX,150.0
PVC,GREY,REACH,CABLE,METALLIC,C,GY,C,W,M,CGYCWM,MT165X,150.0
PVC,GREY,REACH,N.A.,N.A.,C,GY,C,O,O,CGYCOO,165XX,200.0
PVC,WHITE,NON-R,SHOE,N.A.,C,WH,L,S,O,CWHLSO,21XXX,60.0
PVC,WHITE,NON-R,CABLE,N.A.,C,WH,L,W,O,CWHLWO,21XXX,60.0
PVC,WHITE,NON-R,N.A.,N.A.,C,WH,L,O,O,CWHLOO,21XXX,80.0
PVC,WHITE,ROHS1,SHOE,N.A.,C,WH,H,S,O,CWHHSO,21XXX,60.0
PVC,WHITE,ROHS1,CABLE,N.A.,C,WH,H,W,O,CWHHWO,21XXX,60.0
PVC,WHITE,ROHS1,N.A.,N.A.,C,WH,H,O,O,CWHHOO,21XXX,100.0
PVC,WHITE,REACH,SHOE,N.A.,C,WH,C,S,O,CWHCSO,215XX,75.0
PVC,WHITE,REACH,CABLE,N.A.,C,WH,C,W,O,CWHCWO,215XX,75.0
PVC,WHITE,REACH,N.A.,N.A.,C,WH,C,O,O,CWHCOO,215XX,125.0
PVC,RED,NON-R,SHOE,N.A.,C,RD,L,S,O,CRDLSO,31XXX,50.0
PVC,RED,NON-R,SHOE,FLORO,C,RD,L,S,F,CRDLSF,31XXX,60.0
PVC,RED,NON-R,SHOE,METALLIC,C,RD,L,S,M,CRDLSM,MT31XX,60.0
PVC,RED,NON-R,CABLE,N.A.,C,RD,L,W,O,CRDLWO,31XXX,75.0
PVC,RED,NON-R,CABLE,FLORO,C,RD,L,W,F,CRDLWF,31XXX,125.0
PVC,RED,NON-R,CABLE,METALLIC,C,RD,L,W,M,CRDLWM,MT31XX,125.0
PVC,RED,NON-R,N.A.,N.A.,C,RD,L,O,O,CRDLOO,31XXX,150.0
PVC,RED,ROHS1,SHOE,N.A.,C,RD,H,S,O,CRDHSO,31XXX,50.0
PVC,RED,ROHS1,SHOE,FLORO,C,RD,H,S,F,CRDHSF,31XXX,60.0
PVC,RED,ROHS1,SHOE,METALLIC,C,RD,H,S,M,CRDHSM,MT31XX,60.0
PVC,RED,ROHS1,CABLE,N.A.,C,RD,H,W,O,CRDHWO,31XXX,75.0
PVC,RED,ROHS1,CABLE,FLORO,C,RD,H,W,F,CRDHWF,31XXX,125.0
PVC,RED,ROHS1,CABLE,METALLIC,C,RD,H,W,M,CRDHWM,MT31XX,125.0
PVC,RED,ROHS1,N.A.,N.A.,C,RD,H,O,O,CRDHOO,31XXX,150.0
PVC,RED,REACH,SHOE,N.A.,C,RD,C,S,O,CRDCSO,315XX,80.0
PVC,RED,REACH,SHOE,FLORO,C,RD,C,S,F,CRDCSF,315XX,100.0
PVC,RED,REACH,SHOE,METALLIC,C,RD,C,S,M,CRDCSM,MT315X,100.0
PVC,RED,REACH,CABLE,N.A.,C,RD,C,W,O,CRDCWO,315XX,100.0
PVC,RED,REACH,CABLE,FLORO,C,RD,C,W,F,CRDCWF,315XX,150.0
PVC,RED,REACH,CABLE,METALLIC,C,RD,C,W,M,CRDCWM,MT315X,150.0
PVC,RED,REACH,N.A.,N.A.,C,RD,C,O,O,CRDCOO,315XX,200.0
PVC,GREEN,NON-R,SHOE,N.A.,C,GR,L,S,O,CGRLSO,41XXX,50.0
PVC,GREEN,NON-R,SHOE,FLORO,C,GR,L,S,F,CGRLSF,41XXX,60.0
PVC,GREEN,NON-R,SHOE,METALLIC,C,GR,L,S,M,CGRLSM,MT41XX,60.0
PVC,GREEN,NON-R,CABLE,N.A.,C,GR,L,W,O,CGRLWO,41XXX,75.0
PVC,GREEN,NON-R,CABLE,FLORO,C,GR,L,W,F,CGRLWF,41XXX,125.0
PVC,GREEN,NON-R,CABLE,METALLIC,C,GR,L,W,M,CGRLWM,MT41XX,125.0
PVC,GREEN,NON-R,N.A.,N.A.,C,GR,L,O,O,CGRLOO,41XXX,150.0
PVC,GREEN,ROHS1,SHOE,N.A.,C,GR,H,S,O,CGRHSO,41XXX,50.0
PVC,GREEN,ROHS1,SHOE,FLORO,C,GR,H,S,F,CGRHSF,41XXX,60.0
PVC,GREEN,ROHS1,SHOE,METALLIC,C,GR,H,S,M,CGRHSM,MT41XX,60.0
PVC,GREEN,ROHS1,CABLE,N.A.,C,GR,H,W,O,CGRHWO,41XXX,75.0
PVC,GREEN,ROHS1,CABLE,FLORO,C,GR,H,W,F,CGRHWF,41XXX,125.0
PVC,GREEN,ROHS1,CABLE,METALLIC,C,GR,H,W,M,CGRHWM,MT41XX,125.0
PVC,GREEN,ROHS1,N.A.,N.A.,C,GR,H,O,O,CGRHOO,41XXX,150.0
PVC,GREEN,REACH,SHOE,N.A.,C,GR,C,S,O,CGRCSO,415XX,80.0
PVC,GREEN,REACH,SHOE,FLORO,C,GR,C,S,F,CGRCSF,415XX,100.0
PVC,GREEN,REACH,SHOE,METALLIC,C,GR,C,S,M,CGRCSM,MT415X,100.0
PVC,GREEN,REACH,CABLE,N.A.,C,GR,C,W,O,CGRCWO,415XX,100.0
PVC,GREEN,REACH,CABLE,FLORO,C,GR,C,W,F,CGRCWF,415XX,150.0
PVC,GREEN,REACH,CABLE,METALLIC,C,GR,C,W,M,CGRCWM,MT415X,150.0
PVC,GREEN,REACH,N.A.,N.A.,C,GR,C,O,O,CGRCOO,415XX,200.0
PVC,YELLOW,NON-R,SHOE,N.A.,C,YL,L,S,O,CYLLSO,51XXX,50.0
PVC,YELLOW,NON-R,SHOE,FLORO,C,YL,L,S,F,CYLLSF,51XXX,60.0
PVC,YELLOW,NON-R,SHOE,METALLIC,C,YL,L,S,M,CYLLSM,MT51XX,60.0
PVC,YELLOW,NON-R,CABLE,N.A.,C,YL,L,W,O,CYLLWO,51XXX,75.0
PVC,YELLOW,NON-R,CABLE,FLORO,C,YL,L,W,F,CYLLWF,51XXX,125.0
PVC,YELLOW,NON-R,CABLE,METALLIC,C,YL,L,W,M,CYLLWM,MT51XX,125.0
PVC,YELLOW,NON-R,N.A.,N.A.,C,YL,L,O,O,CYLLOO,51XXX,150.0
PVC,YELLOW,ROHS1,SHOE,N.A.,C,YL,H,S,O,CYLHSO,51XXX,50.0
PVC,YELLOW,ROHS1,SHOE,FLORO,C,YL,H,S,F,CYLHSF,51XXX,60.0
PVC,YELLOW,ROHS1,SHOE,METALLIC,C,YL,H,S,M,CYLHSM,MT51XX,60.0
PVC,YELLOW,ROHS1,CABLE,N.A.,C,YL,H,W,O,CYLHWO,51XXX,75.0
PVC,YELLOW,ROHS1,CABLE,FLORO,C,YL,H,W,F,CYLHWF,51XXX,125.0
PVC,YELLOW,ROHS1,CABLE,METALLIC,C,YL,H,W,M,CYLHWM,MT51XX,125.0
PVC,YELLOW,ROHS1,N.A.,N.A.,C,YL,H,O,O,CYLHOO,51XXX,150.0
PVC,YELLOW,REACH,SHOE,N.A.,C,YL,C,S,O,CYLCSO,515XX,80.0
PVC,YELLOW,REACH,SHOE,FLORO,C,YL,C,S,F,CYLCSF,515XX,100.0
PVC,YELLOW,REACH,SHOE,METALLIC,C,YL,C,S,M,CYLCSM,MT515X,100.0
PVC,YELLOW,REACH,CABLE,N.A.,C,YL,C,W,O,CYLCWO,515XX,100.0
PVC,YELLOW,REACH,CABLE,FLORO,C,YL,C,W,F,CYLCWF,515XX,150.0
PVC,YELLOW,REACH,CABLE,METALLIC,C,YL,C,W,M,CYLCWM,MT515X,150.0
PVC,YELLOW,REACH,N.A.,N.A.,C,YL,C,O,O,CYLCOO,515XX,200.0
PVC,BLUE,NON-R,SHOE,N.A.,C,BU,L,S,O,CBULSO,61XXX,50.0
PVC,BLUE,NON-R,SHOE,FLORO,C,BU,L,S,F,CBULSF,61XXX,60.0
PVC,BLUE,NON-R,SHOE,METALLIC,C,BU,L,S,M,CBULSM,MT61XX,60.0
PVC,BLUE,NON-R,CABLE,N.A.,C,BU,L,W,O,CBULWO,61XXX,75.0
PVC,BLUE,NON-R,CABLE,FLORO,C,BU,L,W,F,CBULWF,61XXX,125.0
PVC,BLUE,NON-R,CABLE,METALLIC,C,BU,L,W,M,CBULWM,MT61XX,125.0
PVC,BLUE,NON-R,N.A.,N.A.,C,BU,L,O,O,CBULOO,61XXX,150.0
PVC,BLUE,ROHS1,SHOE,N.A.,C,BU,H,S,O,CBUHSO,61XXX,50.0
PVC,BLUE,ROHS1,SHOE,FLORO,C,BU,H,S,F,CBUHSF,61XXX,60.0
PVC,BLUE,ROHS1,SHOE,METALLIC,C,BU,H,S,M,CBUHSM,MT61XX,60.0
PVC,BLUE,ROHS1,CABLE,N.A.,C,BU,H,W,O,CBUHWO,61XXX,75.0
PVC,BLUE,ROHS1,CABLE,FLORO,C,BU,H,W,F,CBUHWF,61XXX,125.0
PVC,BLUE,ROHS1,CABLE,METALLIC,C,BU,H,W,M,CBUHWM,MT61XX,125.0
PVC,BLUE,ROHS1,N.A.,N.A.,C,BU,H,O,O,CBUHOO,61XXX,150.0
PVC,BLUE,REACH,SHOE,N.A.,C,BU,C,S,O,CBUCSO,615XX,80.0
PVC,BLUE,REACH,SHOE,FLORO,C,BU,C,S,F,CBUCSF,615XX,100.0
PVC,BLUE,REACH,SHOE,METALLIC,C,BU,C,S,M,CBUCSM,MT615X,100.0
PVC,BLUE,REACH,CABLE,N.A.,C,BU,C,W,O,CBUCWO,615XX,100.0
PVC,BLUE,REACH,CABLE,FLORO,C,BU,C,W,F,CBUCWF,615XX,150.0
PVC,BLUE,REACH,CABLE,METALLIC,C,BU,C,W,M,CBUCWM,MT615X,150.0
PVC,BLUE,REACH,N.A.,N.A.,C,BU,C,O,O,CBUCOO,615XX,200.0
PVC,ORANGE,NON-R,SHOE,N.A.,C,OR,L,S,O,CORLSO,71XXX,60.0
PVC,ORANGE,NON-R,SHOE,FLORO,C,OR,L,S,F,CORLSF,71XXX,70.0
PVC,ORANGE,NON-R,SHOE,METALLIC,C,OR,L,S,M,CORLSM,MT71XX,70.0
PVC,ORANGE,NON-R,CABLE,N.A.,C,OR,L,W,O,CORLWO,71XXX,85.0
PVC,ORANGE,NON-R,CABLE,FLORO,C,OR,L,W,F,CORLWF,71XXX,135.0
PVC,ORANGE,NON-R,CABLE,METALLIC,C,OR,L,W,M,CORLWM,MT71XX,135.0
PVC,ORANGE,NON-R,N.A.,N.A.,C,OR,L,O,O,CORLOO,71XXX,160.0
PVC,ORANGE,ROHS1,SHOE,N.A.,C,OR,H,S,O,CORHSO,71XXX,60.0
PVC,ORANGE,ROHS1,SHOE,FLORO,C,OR,H,S,F,CORHSF,71XXX,70.0
PVC,ORANGE,ROHS1,SHOE,METALLIC,C,OR,H,S,M,CORHSM,MT71XX,70.0
PVC,ORANGE,ROHS1,CABLE,N.A.,C,OR,H,W,O,CORHWO,71XXX,85.0
PVC,ORANGE,ROHS1,CABLE,FLORO,C,OR,H,W,F,CORHWF,71XXX,135.0
PVC,ORANGE,ROHS1,CABLE,METALLIC,C,OR,H,W,M,CORHWM,MT71XX,135.0
PVC,ORANGE,ROHS1,N.A.,N.A.,C,OR,H,O,O,CORHOO,71XXX,160.0
PVC,ORANGE,REACH,SHOE,N.A.,C,OR,C,S,O,CORCSO,715XX,90.0
PVC,ORANGE,REACH,SHOE,FLORO,C,OR,C,S,F,CORCSF,715XX,110.0
PVC,ORANGE,REACH,SHOE,METALLIC,C,OR,C,S,M,CORCSM,MT715X,110.0
PVC,ORANGE,REACH,CABLE,N.A.,C,OR,C,W,O,CORCWO,715XX,110.0
PVC,ORANGE,REACH,CABLE,FLORO,C,OR,C,W,F,CORCWF,715XX,160.0
PVC,ORANGE,REACH,CABLE,METALLIC,C,OR,C,W,M,CORCWM,MT715X,160.0
PVC,ORANGE,REACH,N.A.,N.A.,C,OR,C,O,O,CORCOO,715XX,210.0
PVC,VIOLET,NON-R,SHOE,N.A.,C,VL,L,S,O,CVLLSO,81XXX,60.0
PVC,VIOLET,NON-R,SHOE,FLORO,C,VL,L,S,F,CVLLSF,81XXX,70.0
PVC,VIOLET,NON-R,SHOE,METALLIC,C,VL,L,S,M,CVLLSM,MT81XX,70.0
PVC,VIOLET,NON-R,CABLE,N.A.,C,VL,L,W,O,CVLLWO,81XXX,85.0
PVC,VIOLET,NON-R,CABLE,FLORO,C,VL,L,W,F,CVLLWF,81XXX,135.0
PVC,VIOLET,NON-R,CABLE,METALLIC,C,VL,L,W,M,CVLLWM,MT81XX,135.0
PVC,VIOLET,NON-R,N.A.,N.A.,C,VL,L,O,O,CVLLOO,81XXX,160.0
PVC,VIOLET,ROHS1,SHOE,N.A.,C,VL,H,S,O,CVLHSO,81XXX,60.0
PVC,VIOLET,ROHS1,SHOE,FLORO,C,VL,H,S,F,CVLHSF,81XXX,70.0
PVC,VIOLET,ROHS1,SHOE,METALLIC,C,VL,H,S,M,CVLHSM,MT81XX,70.0
PVC,VIOLET,ROHS1,CABLE,N.A.,C,VL,H,W,O,CVLHWO,81XXX,85.0
PVC,VIOLET,ROHS1,CABLE,FLORO,C,VL,H,W,F,CVLHWF,81XXX,135.0
PVC,VIOLET,ROHS1,CABLE,METALLIC,C,VL,H,W,M,CVLHWM,MT81XX,135.0
PVC,VIOLET,ROHS1,N.A.,N.A.,C,VL,H,O,O,CVLHOO,81XXX,160.0
PVC,VIOLET,REACH,SHOE,N.A.,C,VL,C,S,O,CVLCSO,815XX,90.0
PVC,VIOLET,REACH,SHOE,FLORO,C,VL,C,S,F,CVLCSF,815XX,110.0
PVC,VIOLET,REACH,SHOE,METALLIC,C,VL,C,S,M,CVLCSM,MT815X,110.0
PVC,VIOLET,REACH,CABLE,N.A.,C,VL,C,W,O,CVLCWO,815XX,110.0
PVC,VIOLET,REACH,CABLE,FLORO,C,VL,C,W,F,CVLCWF,815XX,160.0
PVC,VIOLET,REACH,CABLE,METALLIC,C,VL,C,W,M,CVLCWM,MT815X,160.0
PVC,VIOLET,REACH,N.A.,N.A.,C,VL,C,O,O,CVLCOO,815XX,210.0
PVC,PINK,NON-R,SHOE,N.A.,C,PK,L,S,O,CPKLSO,86XXX,60.0
PVC,PINK,NON-R,SHOE,FLORO,C,PK,L,S,F,CPKLSF,86XXX,70.0
PVC,PINK,NON-R,SHOE,METALLIC,C,PK,L,S,M,CPKLSM,MT86XX,70.0
PVC,PINK,NON-R,CABLE,N.A.,C,PK,L,W,O,CPKLWO,86XXX,85.0
PVC,PINK,NON-R,CABLE,FLORO,C,PK,L,W,F,CPKLWF,86XXX,135.0
PVC,PINK,NON-R,CABLE,METALLIC,C,PK,L,W,M,CPKLWM,MT86XX,135.0
PVC,PINK,NON-R,N.A.,N.A.,C,PK,L,O,O,CPKLOO,86XXX,160.0
PVC,PINK,ROHS1,SHOE,N.A.,C,PK,H,S,O,CPKHSO,86XXX,60.0
PVC,PINK,ROHS1,SHOE,FLORO,C,PK,H,S,F,CPKHSF,86XXX,70.0
PVC,PINK,ROHS1,SHOE,METALLIC,C,PK,H,S,M,CPKHSM,MT86XX,70.0
PVC,PINK,ROHS1,CABLE,N.A.,C,PK,H,W,O,CPKHWO,86XXX,85.0
PVC,PINK,ROHS1,CABLE,FLORO,C,PK,H,W,F,CPKHWF,86XXX,135.0
PVC,PINK,ROHS1,CABLE,METALLIC,C,PK,H,W,M,CPKHWM,MT86XX,135.0
PVC,PINK,ROHS1,N.A.,N.A.,C,PK,H,O,O,CPKHOO,86XXX,160.0
PVC,PINK,REACH,SHOE,N.A.,C,PK,C,S,O,CPKCSO,865XX,90.0
PVC,PINK,REACH,SHOE,FLORO,C,PK,C,S,F,CPKCSF,865XX,110.0
PVC,PINK,REACH,SHOE,METALLIC,C,PK,C,S,M,CPKCSM,MT865X,110.0
PVC,PINK,REACH,CABLE,N.A.,C,PK,C,W,O,CPKCWO,865XX,110.0
PVC,PINK,REACH,CABLE,FLORO,C,PK,C,W,F,CPKCWF,865XX,160.0
PVC,PINK,REACH,CABLE,METALLIC,C,PK,C,W,M,CPKCWM,MT865X,160.0
PVC,PINK,REACH,N.A.,N.A.,C,PK,C,O,O,CPKCOO,865XX,210.0
PVC,BROWN,NON-R,SHOE,N.A.,C,BW,L,S,O,CBWLSO,91XXX,60.0
PVC,BROWN,NON-R,SHOE,FLORO,C,BW,L,S,F,CBWLSF,91XXX,70.0
PVC,BROWN,NON-R,SHOE,METALLIC,C,BW,L,S,M,CBWLSM,MT91XX,70.0
PVC,BROWN,NON-R,CABLE,N.A.,C,BW,L,W,O,CBWLWO,91XXX,85.0
PVC,BROWN,NON-R,CABLE,FLORO,C,BW,L,W,F,CBWLWF,91XXX,135.0
PVC,BROWN,NON-R,CABLE,METALLIC,C,BW,L,W,M,CBWLWM,MT91XX,135.0
PVC,BROWN,NON-R,N.A.,N.A.,C,BW,L,O,O,CBWLOO,91XXX,160.0
PVC,BROWN,ROHS1,SHOE,N.A.,C,BW,H,S,O,CBWHSO,91XXX,60.0
PVC,BROWN,ROHS1,SHOE,FLORO,C,BW,H,S,F,CBWHSF,91XXX,70.0
PVC,BROWN,ROHS1,SHOE,METALLIC,C,BW,H,S,M,CBWHSM,MT91XX,70.0
PVC,BROWN,ROHS1,CABLE,N.A.,C,BW,H,W,O,CBWHWO,91XXX,85.0
PVC,BROWN,ROHS1,CABLE,FLORO,C,BW,H,W,F,CBWHWF,91XXX,135.0
PVC,BROWN,ROHS1,CABLE,METALLIC,C,BW,H,W,M,CBWHWM,MT91XX,135.0
PVC,BROWN,ROHS1,N.A.,N.A.,C,BW,H,O,O,CBWHOO,91XXX,160.0
PVC,BROWN,REACH,SHOE,N.A.,C,BW,C,S,O,CBWCSO,915XX,90.0
PVC,BROWN,REACH,SHOE,FLORO,C,BW,C,S,F,CBWCSF,915XX,110.0
PVC,BROWN,REACH,SHOE,METALLIC,C,BW,C,S,M,CBWCSM,MT915X,110.0
PVC,BROWN,REACH,CABLE,N.A.,C,BW,C,W,O,CBWCWO,915XX,110.0
PVC,BROWN,REACH,CABLE,FLORO,C,BW,C,W,F,CBWCWF,915XX,160.0
PVC,BROWN,REACH,CABLE,METALLIC,C,BW,C,W,M,CBWCWM,MT915X,160.0
PVC,BROWN,REACH,N.A.,N.A.,C,BW,C,O,O,CBWCOO,915XX,210.0
ABS/HIPS,BLACK,NON-R,MOULDING,FLORO,S,BL,L,M,F,SBLLMF,12XXX,200.0
ABS/HIPS,BLACK,NON-R,MOULDING,METALLIC,S,BL,L,M,M,SBLLMM,MT12XX,200.0
ABS/HIPS,BLACK,NON-R,MOULDING,N.A.,S,BL,L,M,O,SBLLMO,12XXX,100.0
ABS/HIPS,BLACK,NON-R,N.A.,FLORO,S,BL,L,O,F,SBLLOF,12XXX,200.0
ABS/HIPS,BLACK,NON-R,N.A.,METALLIC,S,BL,L,O,M,SBLLOM,MT12XX,200.0
ABS/HIPS,BLACK,NON-R,N.A.,N.A.,S,BL,L,O,O,SBLLOO,12XXX,100.0
ABS/HIPS,BLACK,REACH,MOULDING,FLORO,S,BL,C,M,F,SBLCMF,125XX,200.0
ABS/HIPS,BLACK,REACH,MOULDING,METALLIC,S,BL,C,M,M,SBLCMM,MT125X,200.0
ABS/HIPS,BLACK,REACH,MOULDING,N.A.,S,BL,C,M,O,SBLCMO,125XX,100.0
ABS/HIPS,BLACK,REACH,N.A.,FLORO,S,BL,C,O,F,SBLCOF,125XX,200.0
ABS/HIPS,BLACK,REACH,N.A.,METALLIC,S,BL,C,O,M,SBLCOM,MT125X,200.0
ABS/HIPS,BLACK,REACH,N.A.,N.A.,S,BL,C,O,O,SBLCOO,125XX,100.0
ABS/HIPS,WHITE,NON-R,MOULDING,FLORO,S,WH,L,M,F,SWHLMF,22XXX,200.0
ABS/HIPS,WHITE,NON-R,MOULDING,METALLIC,S,WH,L,M,M,SWHLMM,MT22XX,200.0
ABS/HIPS,WHITE,NON-R,MOULDING,N.A.,S,WH,L,M,O,SWHLMO,22XXX,100.0
ABS/HIPS,WHITE,NON-R,N.A.,FLORO,S,WH,L,O,F,SWHLOF,22XXX,200.0
ABS/HIPS,WHITE,NON-R,N.A.,METALLIC,S,WH,L,O,M,SWHLOM,MT22XX,200.0
ABS/HIPS,WHITE,NON-R,N.A.,N.A.,S,WH,L,O,O,SWHLOO,22XXX,100.0
ABS/HIPS,WHITE,REACH,MOULDING,FLORO,S,WH,C,M,F,SWHCMF,225XX,200.0
ABS/HIPS,WHITE,REACH,MOULDING,METALLIC,S,WH,C,M,M,SWHCMM,MT225X,200.0
ABS/HIPS,WHITE,REACH,MOULDING,N.A.,S,WH,C,M,O,SWHCMO,225XX,100.0
ABS/HIPS,WHITE,REACH,N.A.,FLORO,S,WH,C,O,F,SWHCOF,225XX,200.0
ABS/HIPS,WHITE,REACH,N.A.,METALLIC,S,WH,C,O,M,SWHCOM,MT225X,200.0
ABS/HIPS,WHITE,REACH,N.A.,N.A.,S,WH,C,O,O,SWHCOO,225XX,100.0
ABS/HIPS,RED,NON-R,MOULDING,FLORO,S,RD,L,M,F,SRDLMF,32XXX,200.0
ABS/HIPS,RED,NON-R,MOULDING,METALLIC,S,RD,L,M,M,SRDLMM,MT32XX,200.0
ABS/HIPS,RED,NON-R,MOULDING,N.A.,S,RD,L,M,O,SRDLMO,32XXX,100.0
ABS/HIPS,RED,NON-R,N.A.,FLORO,S,RD,L,O,F,SRDLOF,32XXX,200.0
ABS/HIPS,RED,NON-R,N.A.,METALLIC,S,RD,L,O,M,SRDLOM,MT32XX,200.0
ABS/HIPS,RED,NON-R,N.A.,N.A.,S,RD,L,O,O,SRDLOO,32XXX,100.0
ABS/HIPS,RED,REACH,MOULDING,FLORO,S,RD,C,M,F,SRDCMF,325XX,200.0
ABS/HIPS,RED,REACH,MOULDING,METALLIC,S,RD,C,M,M,SRDCMM,MT325X,200.0
ABS/HIPS,RED,REACH,MOULDING,N.A.,S,RD,C,M,O,SRDCMO,325XX,100.0
ABS/HIPS,RED,REACH,N.A.,FLORO,S,RD,C,O,F,SRDCOF,325XX,200.0
ABS/HIPS,RED,REACH,N.A.,METALLIC,S,RD,C,O,M,SRDCOM,MT325X,200.0
ABS/HIPS,RED,REACH,N.A.,N.A.,S,RD,C,O,O,SRDCOO,325XX,100.0
ABS/HIPS,GREEN,NON-R,MOULDING,FLORO,S,GR,L,M,F,SGRLMF,42XXX,200.0
ABS/HIPS,GREEN,NON-R,MOULDING,METALLIC,S,GR,L,M,M,SGRLMM,MT42XX,200.0
ABS/HIPS,GREEN,NON-R,MOULDING,N.A.,S,GR,L,M,O,SGRLMO,42XXX,100.0
ABS/HIPS,GREEN,NON-R,N.A.,FLORO,S,GR,L,O,F,SGRLOF,42XXX,200.0
ABS/HIPS,GREEN,NON-R,N.A.,METALLIC,S,GR,L,O,M,SGRLOM,MT42XX,200.0
ABS/HIPS,GREEN,NON-R,N.A.,N.A.,S,GR,L,O,O,SGRLOO,42XXX,100.0
ABS/HIPS,GREEN,REACH,MOULDING,FLORO,S,GR,C,M,F,SGRCMF,425XX,200.0
ABS/HIPS,GREEN,REACH,MOULDING,METALLIC,S,GR,C,M,M,SGRCMM,MT425X,200.0
ABS/HIPS,GREEN,REACH,MOULDING,N.A.,S,GR,C,M,O,SGRCMO,425XX,100.0
ABS/HIPS,GREEN,REACH,N.A.,FLORO,S,GR,C,O,F,SGRCOF,425XX,200.0
ABS/HIPS,GREEN,REACH,N.A.,METALLIC,S,GR,C,O,M,SGRCOM,MT425X,200.0
ABS/HIPS,GREEN,REACH,N.A.,N.A.,S,GR,C,O,O,SGRCOO,425XX,100.0
ABS/HIPS,YELLOW,NON-R,MOULDING,FLORO,S,YL,L,M,F,SYLLMF,52XXX,200.0
ABS/HIPS,YELLOW,NON-R,MOULDING,METALLIC,S,YL,L,M,M,SYLLMM,MT52XX,200.0
ABS/HIPS,YELLOW,NON-R,MOULDING,N.A.,S,YL,L,M,O,SYLLMO,52XXX,100.0
ABS/HIPS,YELLOW,NON-R,N.A.,FLORO,S,YL,L,O,F,SYLLOF,52XXX,200.0
ABS/HIPS,YELLOW,NON-R,N.A.,METALLIC,S,YL,L,O,M,SYLLOM,MT52XX,200.0
ABS/HIPS,YELLOW,NON-R,N.A.,N.A.,S,YL,L,O,O,SYLLOO,52XXX,100.0
ABS/HIPS,YELLOW,REACH,MOULDING,FLORO,S,YL,C,M,F,SYLCMF,525XX,200.0
ABS/HIPS,YELLOW,REACH,MOULDING,METALLIC,S,YL,C,M,M,SYLCMM,MT525X,200.0
ABS/HIPS,YELLOW,REACH,MOULDING,N.A.,S,YL,C,M,O,SYLCMO,525XX,100.0
ABS/HIPS,YELLOW,REACH,N.A.,FLORO,S,YL,C,O,F,SYLCOF,525XX,200.0
ABS/HIPS,YELLOW,REACH,N.A.,METALLIC,S,YL,C,O,M,SYLCOM,MT525X,200.0
ABS/HIPS,YELLOW,REACH,N.A.,N.A.,S,YL,C,O,O,SYLCOO,525XX,100.0
ABS/HIPS,BLUE,NON-R,MOULDING,FLORO,S,BU,L,M,F,SBULMF,62XXX,200.0
ABS/HIPS,BLUE,NON-R,MOULDING,METALLIC,S,BU,L,M,M,SBULMM,MT62XX,200.0
ABS/HIPS,BLUE,NON-R,MOULDING,N.A.,S,BU,L,M,O,SBULMO,62XXX,100.0
ABS/HIPS,BLUE,NON-R,N.A.,FLORO,S,BU,L,O,F,SBULOF,62XXX,200.0
ABS/HIPS,BLUE,NON-R,N.A.,METALLIC,S,BU,L,O,M,SBULOM,MT62XX,200.0
ABS/HIPS,BLUE,NON-R,N.A.,N.A.,S,BU,L,O,O,SBULOO,62XXX,100.0
ABS/HIPS,BLUE,REACH,MOULDING,FLORO,S,BU,C,M,F,SBUCMF,625XX,200.0
ABS/HIPS,BLUE,REACH,MOULDING,METALLIC,S,BU,C,M,M,SBUCMM,MT625X,200.0
ABS/HIPS,BLUE,REACH,MOULDING,N.A.,S,BU,C,M,O,SBUCMO,625XX,100.0
ABS/HIPS,BLUE,REACH,N.A.,FLORO,S,BU,C,O,F,SBUCOF,625XX,200.0
ABS/HIPS,BLUE,REACH,N.A.,METALLIC,S,BU,C,O,M,SBUCOM,MT625X,200.0
ABS/HIPS,BLUE,REACH,N.A.,N.A.,S,BU,C,O,O,SBUCOO,625XX,100.0
ABS/HIPS,VIOLET,NON-R,MOULDING,FLORO,S,VL,L,M,F,SVLLMF,82XXX,200.0
ABS/HIPS,VIOLET,NON-R,MOULDING,METALLIC,S,VL,L,M,M,SVLLMM,MT82XX,200.0
ABS/HIPS,VIOLET,NON-R,MOULDING,N.A.,S,VL,L,M,O,SVLLMO,82XXX,100.0
ABS/HIPS,VIOLET,NON-R,N.A.,FLORO,S,VL,L,O,F,SVLLOF,82XXX,200.0
ABS/HIPS,VIOLET,NON-R,N.A.,METALLIC,S,VL,L,O,M,SVLLOM,MT82XX,200.0
ABS/HIPS,VIOLET,NON-R,N.A.,N.A.,S,VL,L,O,O,SVLLOO,82XXX,100.0
ABS/HIPS,VIOLET,REACH,MOULDING,FLORO,S,VL,C,M,F,SVLCMF,825XX,200.0
ABS/HIPS,VIOLET,REACH,MOULDING,METALLIC,S,VL,C,M,M,SVLCMM,MT825X,200.0
ABS/HIPS,VIOLET,REACH,MOULDING,N.A.,S,VL,C,M,O,SVLCMO,825XX,100.0
ABS/HIPS,VIOLET,REACH,N.A.,FLORO,S,VL,C,O,F,SVLCOF,825XX,200.0
ABS/HIPS,VIOLET,REACH,N.A.,METALLIC,S,VL,C,O,M,SVLCOM,MT825X,200.0
ABS/HIPS,VIOLET,REACH,N.A.,N.A.,S,VL,C,O,O,SVLCOO,825XX,100.0
ABS/HIPS,PINK,NON-R,MOULDING,FLORO,S,PK,L,M,F,SPKLMF,87XXX,200.0
ABS/HIPS,PINK,NON-R,MOULDING,METALLIC,S,PK,L,M,M,SPKLMM,MT87XX,200.0
ABS/HIPS,PINK,NON-R,MOULDING,N.A.,S,PK,L,M,O,SPKLMO,87XXX,100.0
ABS/HIPS,PINK,NON-R,N.A.,FLORO,S,PK,L,O,F,SPKLOF,87XXX,200.0
ABS/HIPS,PINK,NON-R,N.A.,METALLIC,S,PK,L,O,M,SPKLOM,MT87XX,200.0
ABS/HIPS,PINK,NON-R,N.A.,N.A.,S,PK,L,O,O,SPKLOO,87XXX,100.0
ABS/HIPS,PINK,REACH,MOULDING,FLORO,S,PK,C,M,F,SPKCMF,875XX,200.0
ABS/HIPS,PINK,REACH,MOULDING,METALLIC,S,PK,C,M,M,SPKCMM,MT875X,200.0
ABS/HIPS,PINK,REACH,MOULDING,N.A.,S,PK,C,M,O,SPKCMO,875XX,100.0
ABS/HIPS,PINK,REACH,N.A.,FLORO,S,PK,C,O,F,SPKCOF,875XX,200.0
ABS/HIPS,PINK,REACH,N.A.,METALLIC,S,PK,C,O,M,SPKCOM,MT875X,200.0
ABS/HIPS,PINK,REACH,N.A.,N.A.,S,PK,C,O,O,SPKCOO,875XX,100.0
ABS/HIPS,BROWN,NON-R,MOULDING,FLORO,S,BW,L,M,F,SBWLMF,92XXX,200.0
ABS/HIPS,BROWN,NON-R,MOULDING,METALLIC,S,BW,L,M,M,SBWLMM,MT92XX,200.0
ABS/HIPS,BROWN,NON-R,MOULDING,N.A.,S,BW,L,M,O,SBWLMO,92XXX,100.0
ABS/HIPS,BROWN,NON-R,N.A.,FLORO,S,BW,L,O,F,SBWLOF,92XXX,200.0
ABS/HIPS,BROWN,NON-R,N.A.,METALLIC,S,BW,L,O,M,SBWLOM,MT92XX,200.0
ABS/HIPS,BROWN,NON-R,N.A.,N.A.,S,BW,L,O,O,SBWLOO,92XXX,100.0
ABS/HIPS,BROWN,REACH,MOULDING,FLORO,S,BW,C,M,F,SBWCMF,925XX,200.0
ABS/HIPS,BROWN,REACH,MOULDING,METALLIC,S,BW,C,M,M,SBWCMM,MT925X,200.0
ABS/HIPS,BROWN,REACH,MOULDING,N.A.,S,BW,C,M,O,SBWCMO,925XX,100.0
ABS/HIPS,BROWN,REACH,N.A.,FLORO,S,BW,C,O,F,SBWCOF,925XX,200.0
ABS/HIPS,BROWN,REACH,N.A.,METALLIC,S,BW,C,O,M,SBWCOM,MT925X,200.0
ABS/HIPS,BROWN,REACH,N.A.,N.A.,S,BW,C,O,O,SBWCOO,925XX,100.0
EVA,BLACK,NON-R,FILM,N.A.,V,BL,L,F,O,VBLLFO,13XXX,100.0
EVA,BLACK,NON-R,MOULDING,N.A.,V,BL,L,M,O,VBLLMO,13XXX,200.0
EVA,BLACK,NON-R,CABLE,ZHFR,V,BL,L,W,Z,VBLLWZ,13XXX,250.0
EVA,BLACK,NON-R,CABLE,N.A.,V,BL,L,W,O,VBLLWO,13XXX,250.0
EVA,BLACK,NON-R,SHOE,N.A.,V,BL,L,S,O,VBLLSO,13XXX,200.0
EVA,BLACK,NON-R,ENG. POLYMER,N.A.,V,BL,L,E,O,VBLLEO,13XXX,500.0
EVA,BLACK,NON-R,N.A.,N.A.,V,BL,L,O,O,VBLLOO,13XXX,500.0
EVA,BLACK,REACH,FILM,N.A.,V,BL,C,F,O,VBLCFO,135XX,100.0
EVA,BLACK,REACH,MOULDING,N.A.,V,BL,C,M,O,VBLCMO,135XX,200.0
EVA,BLACK,REACH,CABLE,ZHFR,V,BL,C,W,Z,VBLCWZ,135XX,250.0
EVA,BLACK,REACH,CABLE,N.A.,V,BL,C,W,O,VBLCWO,135XX,250.0
EVA,BLACK,REACH,SHOE,N.A.,V,BL,C,S,O,VBLCSO,135XX,200.0
EVA,BLACK,REACH,ENG. POLYMER,N.A.,V,BL,C,E,O,VBLCEO,135XX,500.0
EVA,BLACK,REACH,N.A.,N.A.,V,BL,C,O,O,VBLCOO,135XX,500.0
EVA,GREY,NON-R,FILM,N.A.,V,GY,L,F,O,VGYLFO,18XXX,100.0
EVA,GREY,NON-R,MOULDING,N.A.,V,GY,L,M,O,VGYLMO,18XXX,200.0
EVA,GREY,NON-R,CABLE,ZHFR,V,GY,L,W,Z,VGYLWZ,18XXX,250.0
EVA,GREY,NON-R,CABLE,N.A.,V,GY,L,W,O,VGYLWO,18XXX,250.0
EVA,GREY,NON-R,SHOE,N.A.,V,GY,L,S,O,VGYLSO,18XXX,200.0
EVA,GREY,NON-R,ENG. POLYMER,N.A.,V,GY,L,E,O,VGYLEO,18XXX,500.0
EVA,GREY,NON-R,N.A.,N.A.,V,GY,L,O,O,VGYLOO,18XXX,500.0
EVA,GREY,REACH,FILM,N.A.,V,GY,C,F,O,VGYCFO,185XX,100.0
EVA,GREY,REACH,MOULDING,N.A.,V,GY,C,M,O,VGYCMO,185XX,200.0
EVA,GREY,REACH,CABLE,ZHFR,V,GY,C,W,Z,VGYCWZ,185XX,250.0
EVA,GREY,REACH,CABLE,N.A.,V,GY,C,W,O,VGYCWO,185XX,250.0
EVA,GREY,REACH,SHOE,N.A.,V,GY,C,S,O,VGYCSO,185XX,200.0
EVA,GREY,REACH,ENG. POLYMER,N.A.,V,GY,C,E,O,VGYCEO,185XX,500.0
EVA,GREY,REACH,N.A.,N.A.,V,GY,C,O,O,VGYCOO,185XX,500.0
EVA,WHITE,NON-R,FILM,N.A.,V,WH,L,F,O,VWHLFO,23XXX,100.0
EVA,WHITE,NON-R,MOULDING,N.A.,V,WH,L,M,O,VWHLMO,23XXX,200.0
EVA,WHITE,NON-R,CABLE,ZHFR,V,WH,L,W,Z,VWHLWZ,23XXX,250.0
EVA,WHITE,NON-R,CABLE,N.A.,V,WH,L,W,O,VWHLWO,23XXX,250.0
EVA,WHITE,NON-R,SHOE,N.A.,V,WH,L,S,O,VWHLSO,23XXX,200.0
EVA,WHITE,NON-R,ENG. POLYMER,N.A.,V,WH,L,E,O,VWHLEO,23XXX,500.0
EVA,WHITE,NON-R,N.A.,N.A.,V,WH,L,O,O,VWHLOO,23XXX,500.0
EVA,WHITE,REACH,FILM,N.A.,V,WH,C,F,O,VWHCFO,235XX,100.0
EVA,WHITE,REACH,MOULDING,N.A.,V,WH,C,M,O,VWHCMO,235XX,200.0
EVA,WHITE,REACH,CABLE,ZHFR,V,WH,C,W,Z,VWHCWZ,235XX,250.0
EVA,WHITE,REACH,CABLE,N.A.,V,WH,C,W,O,VWHCWO,235XX,250.0
EVA,WHITE,REACH,SHOE,N.A.,V,WH,C,S,O,VWHCSO,235XX,200.0
EVA,WHITE,REACH,ENG. POLYMER,N.A.,V,WH,C,E,O,VWHCEO,235XX,500.0
EVA,WHITE,REACH,N.A.,N.A.,V,WH,C,O,O,VWHCOO,235XX,500.0
EVA,RED,NON-R,FILM,N.A.,V,RD,L,F,O,VRDLFO,33XXX,100.0
EVA,RED,NON-R,MOULDING,N.A.,V,RD,L,M,O,VRDLMO,33XXX,200.0
EVA,RED,NON-R,CABLE,ZHFR,V,RD,L,W,Z,VRDLWZ,33XXX,250.0
EVA,RED,NON-R,CABLE,N.A.,V,RD,L,W,O,VRDLWO,33XXX,250.0
EVA,RED,NON-R,SHOE,N.A.,V,RD,L,S,O,VRDLSO,33XXX,200.0
EVA,RED,NON-R,SHOE,FLORO,V,RD,L,S,F,VRDLSF,33XXX,250.0
EVA,RED,NON-R,ENG. POLYMER,N.A.,V,RD,L,E,O,VRDLEO,33XXX,500.0
EVA,RED,NON-R,N.A.,N.A.,V,RD,L,O,O,VRDLOO,33XXX,500.0
EVA,RED,REACH,FILM,N.A.,V,RD,C,F,O,VRDCFO,335XX,100.0
EVA,RED,REACH,MOULDING,N.A.,V,RD,C,M,O,VRDCMO,335XX,200.0
EVA,RED,REACH,CABLE,ZHFR,V,RD,C,W,Z,VRDCWZ,335XX,250.0
EVA,RED,REACH,CABLE,N.A.,V,RD,C,W,O,VRDCWO,335XX,250.0
EVA,RED,REACH,SHOE,N.A.,V,RD,C,S,O,VRDCSO,335XX,200.0
EVA,RED,REACH,SHOE,FLORO,V,RD,C,S,F,VRDCSF,335XX,250.0
EVA,RED,REACH,ENG. POLYMER,N.A.,V,RD,C,E,O,VRDCEO,335XX,500.0
EVA,RED,REACH,N.A.,N.A.,V,RD,C,O,O,VRDCOO,335XX,500.0
EVA,GREEN,NON-R,FILM,N.A.,V,GR,L,F,O,VGRLFO,43XXX,100.0
EVA,GREEN,NON-R,MOULDING,N.A.,V,GR,L,M,O,VGRLMO,43XXX,200.0
EVA,GREEN,NON-R,CABLE,ZHFR,V,GR,L,W,Z,VGRLWZ,43XXX,250.0
EVA,GREEN,NON-R,CABLE,N.A.,V,GR,L,W,O,VGRLWO,43XXX,250.0
EVA,GREEN,NON-R,SHOE,N.A.,V,GR,L,S,O,VGRLSO,43XXX,200.0
EVA,GREEN,NON-R,SHOE,FLORO,V,GR,L,S,F,VGRLSF,43XXX,250.0
EVA,GREEN,NON-R,ENG. POLYMER,N.A.,V,GR,L,E,O,VGRLEO,43XXX,500.0
EVA,GREEN,NON-R,N.A.,N.A.,V,GR,L,O,O,VGRLOO,43XXX,500.0
EVA,GREEN,REACH,FILM,N.A.,V,GR,C,F,O,VGRCFO,435XX,100.0
EVA,GREEN,REACH,MOULDING,N.A.,V,GR,C,M,O,VGRCMO,435XX,200.0
EVA,GREEN,REACH,CABLE,ZHFR,V,GR,C,W,Z,VGRCWZ,435XX,250.0
EVA,GREEN,REACH,CABLE,N.A.,V,GR,C,W,O,VGRCWO,435XX,250.0
EVA,GREEN,REACH,SHOE,N.A.,V,GR,C,S,O,VGRCSO,435XX,200.0
EVA,GREEN,REACH,SHOE,FLORO,V,GR,C,S,F,VGRCSF,435XX,250.0
EVA,GREEN,REACH,ENG. POLYMER,N.A.,V,GR,C,E,O,VGRCEO,435XX,500.0
EVA,GREEN,REACH,N.A.,N.A.,V,GR,C,O,O,VGRCOO,435XX,500.0
EVA,YELLOW,NON-R,FILM,N.A.,V,YL,L,F,O,VYLLFO,53XXX,100.0
EVA,YELLOW,NON-R,MOULDING,N.A.,V,YL,L,M,O,VYLLMO,53XXX,200.0
EVA,YELLOW,NON-R,CABLE,ZHFR,V,YL,L,W,Z,VYLLWZ,53XXX,250.0
EVA,YELLOW,NON-R,CABLE,N.A.,V,YL,L,W,O,VYLLWO,53XXX,250.0
EVA,YELLOW,NON-R,SHOE,N.A.,V,YL,L,S,O,VYLLSO,53XXX,200.0
EVA,YELLOW,NON-R,SHOE,FLORO,V,YL,L,S,F,VYLLSF,53XXX,250.0
EVA,YELLOW,NON-R,ENG. POLYMER,N.A.,V,YL,L,E,O,VYLLEO,53XXX,500.0
EVA,YELLOW,NON-R,N.A.,N.A.,V,YL,L,O,O,VYLLOO,53XXX,500.0
EVA,YELLOW,REACH,FILM,N.A.,V,YL,C,F,O,VYLCFO,535XX,100.0
EVA,YELLOW,REACH,MOULDING,N.A.,V,YL,C,M,O,VYLCMO,535XX,200.0
EVA,YELLOW,REACH,CABLE,ZHFR,V,YL,C,W,Z,VYLCWZ,535XX,250.0
EVA,YELLOW,REACH,CABLE,N.A.,V,YL,C,W,O,VYLCWO,535XX,250.0
EVA,YELLOW,REACH,SHOE,N.A.,V,YL,C,S,O,VYLCSO,535XX,200.0
EVA,YELLOW,REACH,SHOE,FLORO,V,YL,C,S,F,VYLCSF,535XX,250.0
EVA,YELLOW,REACH,ENG. POLYMER,N.A.,V,YL,C,E,O,VYLCEO,535XX,500.0
EVA,YELLOW,REACH,N.A.,N.A.,V,YL,C,O,O,VYLCOO,535XX,500.0
EVA,BLUE,NON-R,FILM,N.A.,V,BU,L,F,O,VBULFO,63XXX,100.0
EVA,BLUE,NON-R,MOULDING,N.A.,V,BU,L,M,O,VBULMO,63XXX,200.0
EVA,BLUE,NON-R,CABLE,ZHFR,V,BU,L,W,Z,VBULWZ,63XXX,250.0
EVA,BLUE,NON-R,CABLE,N.A.,V,BU,L,W,O,VBULWO,63XXX,250.0
EVA,BLUE,NON-R,SHOE,N.A.,V,BU,L,S,O,VBULSO,63XXX,200.0
EVA,BLUE,NON-R,SHOE,FLORO,V,BU,L,S,F,VBULSF,63XXX,250.0
EVA,BLUE,NON-R,ENG. POLYMER,N.A.,V,BU,L,E,O,VBULEO,63XXX,500.0
EVA,BLUE,NON-R,N.A.,N.A.,V,BU,L,O,O,VBULOO,63XXX,500.0
EVA,BLUE,REACH,FILM,N.A.,V,BU,C,F,O,VBUCFO,635XX,100.0
EVA,BLUE,REACH,MOULDING,N.A.,V,BU,C,M,O,VBUCMO,635XX,200.0
EVA,BLUE,REACH,CABLE,ZHFR,V,BU,C,W,Z,VBUCWZ,635XX,250.0
EVA,BLUE,REACH,CABLE,N.A.,V,BU,C,W,O,VBUCWO,635XX,250.0
EVA,BLUE,REACH,SHOE,N.A.,V,BU,C,S,O,VBUCSO,635XX,200.0
EVA,BLUE,REACH,SHOE,FLORO,V,BU,C,S,F,VBUCSF,635XX,250.0
EVA,BLUE,REACH,ENG. POLYMER,N.A.,V,BU,C,E,O,VBUCEO,635XX,500.0
EVA,BLUE,REACH,N.A.,N.A.,V,BU,C,O,O,VBUCOO,635XX,500.0
EVA,ORANGE,NON-R,FILM,N.A.,V,OR,L,F,O,VORLFO,73XXX,100.0
EVA,ORANGE,NON-R,MOULDING,N.A.,V,OR,L,M,O,VORLMO,73XXX,200.0
EVA,ORANGE,NON-R,CABLE,ZHFR,V,OR,L,W,Z,VORLWZ,73XXX,250.0
EVA,ORANGE,NON-R,CABLE,N.A.,V,OR,L,W,O,VORLWO,73XXX,250.0
EVA,ORANGE,NON-R,SHOE,N.A.,V,OR,L,S,O,VORLSO,73XXX,200.0
EVA,ORANGE,NON-R,SHOE,FLORO,V,OR,L,S,F,VORLSF,73XXX,250.0
EVA,ORANGE,NON-R,ENG. POLYMER,N.A.,V,OR,L,E,O,VORLEO,73XXX,500.0
EVA,ORANGE,NON-R,N.A.,N.A.,V,OR,L,O,O,VORLOO,73XXX,500.0
EVA,ORANGE,REACH,FILM,N.A.,V,OR,C,F,O,VORCFO,735XX,100.0
EVA,ORANGE,REACH,MOULDING,N.A.,V,OR,C,M,O,VORCMO,735XX,200.0
EVA,ORANGE,REACH,CABLE,ZHFR,V,OR,C,W,Z,VORCWZ,735XX,250.0
EVA,ORANGE,REACH,CABLE,N.A.,V,OR,C,W,O,VORCWO,735XX,250.0
EVA,ORANGE,REACH,SHOE,N.A.,V,OR,C,S,O,VORCSO,735XX,200.0
EVA,ORANGE,REACH,SHOE,FLORO,V,OR,C,S,F,VORCSF,735XX,250.0
EVA,ORANGE,REACH,ENG. POLYMER,N.A.,V,OR,C,E,O,VORCEO,735XX,500.0
EVA,ORANGE,REACH,N.A.,N.A.,V,OR,C,O,O,VORCOO,735XX,500.0
EVA,VIOLET,NON-R,FILM,N.A.,V,VL,L,F,O,VVLLFO,83XXX,100.0
EVA,VIOLET,NON-R,MOULDING,N.A.,V,VL,L,M,O,VVLLMO,83XXX,200.0
EVA,VIOLET,NON-R,CABLE,ZHFR,V,VL,L,W,Z,VVLLWZ,83XXX,250.0
EVA,VIOLET,NON-R,CABLE,N.A.,V,VL,L,W,O,VVLLWO,83XXX,250.0
EVA,VIOLET,NON-R,SHOE,N.A.,V,VL,L,S,O,VVLLSO,83XXX,200.0
EVA,VIOLET,NON-R,SHOE,FLORO,V,VL,L,S,F,VVLLSF,83XXX,250.0
EVA,VIOLET,NON-R,ENG. POLYMER,N.A.,V,VL,L,E,O,VVLLEO,83XXX,500.0
EVA,VIOLET,NON-R,N.A.,N.A.,V,VL,L,O,O,VVLLOO,83XXX,500.0
EVA,VIOLET,REACH,FILM,N.A.,V,VL,C,F,O,VVLCFO,835XX,100.0
EVA,VIOLET,REACH,MOULDING,N.A.,V,VL,C,M,O,VVLCMO,835XX,200.0
EVA,VIOLET,REACH,CABLE,ZHFR,V,VL,C,W,Z,VVLCWZ,835XX,250.0
EVA,VIOLET,REACH,CABLE,N.A.,V,VL,C,W,O,VVLCWO,835XX,250.0
EVA,VIOLET,REACH,SHOE,N.A.,V,VL,C,S,O,VVLCSO,835XX,200.0
EVA,VIOLET,REACH,SHOE,FLORO,V,VL,C,S,F,VVLCSF,835XX,250.0
EVA,VIOLET,REACH,ENG. POLYMER,N.A.,V,VL,C,E,O,VVLCEO,835XX,500.0
EVA,VIOLET,REACH,N.A.,N.A.,V,VL,C,O,O,VVLCOO,835XX,500.0
EVA,PINK,NON-R,FILM,N.A.,V,PK,L,F,O,VPKLFO,88XXX,100.0
EVA,PINK,NON-R,MOULDING,N.A.,V,PK,L,M,O,VPKLMO,88XXX,200.0
EVA,PINK,NON-R,CABLE,ZHFR,V,PK,L,W,Z,VPKLWZ,88XXX,250.0
EVA,PINK,NON-R,CABLE,N.A.,V,PK,L,W,O,VPKLWO,88XXX,250.0
EVA,PINK,NON-R,SHOE,N.A.,V,PK,L,S,O,VPKLSO,88XXX,200.0
EVA,PINK,NON-R,SHOE,FLORO,V,PK,L,S,F,VPKLSF,88XXX,250.0
EVA,PINK,NON-R,ENG. POLYMER,N.A.,V,PK,L,E,O,VPKLEO,88XXX,500.0
EVA,PINK,NON-R,N.A.,N.A.,V,PK,L,O,O,VPKLOO,88XXX,500.0
EVA,PINK,REACH,FILM,N.A.,V,PK,C,F,O,VPKCFO,885XX,100.0
EVA,PINK,REACH,MOULDING,N.A.,V,PK,C,M,O,VPKCMO,885XX,200.0
EVA,PINK,REACH,CABLE,ZHFR,V,PK,C,W,Z,VPKCWZ,885XX,250.0
EVA,PINK,REACH,CABLE,N.A.,V,PK,C,W,O,VPKCWO,885XX,250.0
EVA,PINK,REACH,SHOE,N.A.,V,PK,C,S,O,VPKCSO,885XX,200.0
EVA,PINK,REACH,SHOE,FLORO,V,PK,C,S,F,VPKCSF,885XX,250.0
EVA,PINK,REACH,ENG. POLYMER,N.A.,V,PK,C,E,O,VPKCEO,885XX,500.0
EVA,PINK,REACH,N.A.,N.A.,V,PK,C,O,O,VPKCOO,885XX,500.0
EVA,BROWN,NON-R,FILM,N.A.,V,BW,L,F,O,VBWLFO,93XXX,100.0
EVA,BROWN,NON-R,MOULDING,N.A.,V,BW,L,M,O,VBWLMO,93XXX,200.0
EVA,BROWN,NON-R,CABLE,ZHFR,V,BW,L,W,Z,VBWLWZ,93XXX,250.0
EVA,BROWN,NON-R,CABLE,N.A.,V,BW,L,W,O,VBWLWO,93XXX,250.0
EVA,BROWN,NON-R,SHOE,N.A.,V,BW,L,S,O,VBWLSO,93XXX,200.0
EVA,BROWN,NON-R,SHOE,FLORO,V,BW,L,S,F,VBWLSF,93XXX,250.0
EVA,BROWN,NON-R,ENG. POLYMER,N.A.,V,BW,L,E,O,VBWLEO,93XXX,500.0
EVA,BROWN,NON-R,N.A.,N.A.,V,BW,L,O,O,VBWLOO,93XXX,500.0
EVA,BROWN,REACH,FILM,N.A.,V,BW,C,F,O,VBWCFO,935XX,100.0
EVA,BROWN,REACH,MOULDING,N.A.,V,BW,C,M,O,VBWCMO,935XX,200.0
EVA,BROWN,REACH,CABLE,ZHFR,V,BW,C,W,Z,VBWCWZ,935XX,250.0
EVA,BROWN,REACH,CABLE,N.A.,V,BW,C,W,O,VBWCWO,935XX,250.0
EVA,BROWN,REACH,SHOE,N.A.,V,BW,C,S,O,VBWCSO,935XX,200.0
EVA,BROWN,REACH,SHOE,FLORO,V,BW,C,S,F,VBWCSF,935XX,250.0
EVA,BROWN,REACH,ENG. POLYMER,N.A.,V,BW,C,E,O,VBWCEO,935XX,500.0
EVA,BROWN,REACH,N.A.,N.A.,V,BW,C,O,O,VBWCOO,935XX,500.0
OTHER,BLACK,NON-R,PIPE,N.A.,O,BL,L,P,O,OBLLPO,14XXX,400.0
OTHER,BLACK,NON-R,FILM,N.A.,O,BL,L,F,O,OBLLFO,14XXX,400.0
OTHER,BLACK,NON-R,MOULDING,N.A.,O,BL,L,M,O,OBLLMO,14XXX,400.0
OTHER,BLACK,NON-R,CABLE,N.A.,O,BL,L,W,O,OBLLWO,14XXX,400.0
OTHER,BLACK,NON-R,SHOE,N.A.,O,BL,L,S,O,OBLLSO,14XXX,400.0
OTHER,BLACK,NON-R,ENG. POLYMER,N.A.,O,BL,L,E,O,OBLLEO,14XXX,400.0
OTHER,BLACK,NON-R,N.A.,N.A.,O,BL,L,O,O,OBLLOO,14XXX,400.0
OTHER,BLACK,ROHS1,PIPE,N.A.,O,BL,H,P,O,OBLHPO,14XXX,400.0
OTHER,BLACK,ROHS1,FILM,N.A.,O,BL,H,F,O,OBLHFO,14XXX,400.0
OTHER,BLACK,ROHS1,MOULDING,N.A.,O,BL,H,M,O,OBLHMO,14XXX,400.0
OTHER,BLACK,ROHS1,CABLE,N.A.,O,BL,H,W,O,OBLHWO,14XXX,400.0
OTHER,BLACK,ROHS1,SHOE,N.A.,O,BL,H,S,O,OBLHSO,14XXX,400.0
OTHER,BLACK,ROHS1,ENG. POLYMER,N.A.,O,BL,H,E,O,OBLHEO,14XXX,400.0
OTHER,BLACK,ROHS1,N.A.,N.A.,O,BL,H,O,O,OBLHOO,14XXX,400.0
OTHER,BLACK,REACH,PIPE,N.A.,O,BL,C,P,O,OBLCPO,145XX,400.0
OTHER,BLACK,REACH,FILM,N.A.,O,BL,C,F,O,OBLCFO,145XX,400.0
OTHER,BLACK,REACH,MOULDING,N.A.,O,BL,C,M,O,OBLCMO,145XX,400.0
OTHER,BLACK,REACH,CABLE,N.A.,O,BL,C,W,O,OBLCWO,145XX,400.0
OTHER,BLACK,REACH,SHOE,N.A.,O,BL,C,S,O,OBLCSO,145XX,400.0
OTHER,BLACK,REACH,ENG. POLYMER,N.A.,O,BL,C,E,O,OBLCEO,145XX,400.0
OTHER,BLACK,REACH,N.A.,N.A.,O,BL,C,O,O,OBLCOO,145XX,400.0
OTHER,GREY,NON-R,PIPE,N.A.,O,GY,L,P,O,OGYLPO,19XXX,400.0
OTHER,GREY,NON-R,FILM,N.A.,O,GY,L,F,O,OGYLFO,19XXX,400.0
OTHER,GREY,NON-R,MOULDING,N.A.,O,GY,L,M,O,OGYLMO,19XXX,400.0
OTHER,GREY,NON-R,CABLE,N.A.,O,GY,L,W,O,OGYLWO,19XXX,400.0
OTHER,GREY,NON-R,SHOE,N.A.,O,GY,L,S,O,OGYLSO,19XXX,400.0
OTHER,GREY,NON-R,ENG. POLYMER,N.A.,O,GY,L,E,O,OGYLEO,19XXX,400.0
OTHER,GREY,NON-R,N.A.,N.A.,O,GY,L,O,O,OGYLOO,19XXX,400.0
OTHER,GREY,ROHS1,PIPE,N.A.,O,GY,H,P,O,OGYHPO,19XXX,400.0
OTHER,GREY,ROHS1,FILM,N.A.,O,GY,H,F,O,OGYHFO,19XXX,400.0
OTHER,GREY,ROHS1,MOULDING,N.A.,O,GY,H,M,O,OGYHMO,19XXX,400.0
OTHER,GREY,ROHS1,CABLE,N.A.,O,GY,H,W,O,OGYHWO,19XXX,400.0
OTHER,GREY,ROHS1,SHOE,N.A.,O,GY,H,S,O,OGYHSO,19XXX,400.0
OTHER,GREY,ROHS1,ENG. POLYMER,N.A.,O,GY,H,E,O,OGYHEO,19XXX,400.0
OTHER,GREY,ROHS1,N.A.,N.A.,O,GY,H,O,O,OGYHOO,19XXX,400.0
OTHER,GREY,REACH,PIPE,N.A.,O,GY,C,P,O,OGYCPO,195XX,400.0
OTHER,GREY,REACH,FILM,N.A.,O,GY,C,F,O,OGYCFO,195XX,400.0
OTHER,GREY,REACH,MOULDING,N.A.,O,GY,C,M,O,OGYCMO,195XX,400.0
OTHER,GREY,REACH,CABLE,N.A.,O,GY,C,W,O,OGYCWO,195XX,400.0
OTHER,GREY,REACH,SHOE,N.A.,O,GY,C,S,O,OGYCSO,195XX,400.0
OTHER,GREY,REACH,ENG. POLYMER,N.A.,O,GY,C,E,O,OGYCEO,195XX,400.0
OTHER,GREY,REACH,N.A.,N.A.,O,GY,C,O,O,OGYCOO,195XX,400.0
OTHER,WHITE,NON-R,PIPE,N.A.,O,WH,L,P,O,OWHLPO,24XXX,400.0
OTHER,WHITE,NON-R,FILM,N.A.,O,WH,L,F,O,OWHLFO,24XXX,400.0
OTHER,WHITE,NON-R,MOULDING,N.A.,O,WH,L,M,O,OWHLMO,24XXX,400.0
OTHER,WHITE,NON-R,CABLE,N.A.,O,WH,L,W,O,OWHLWO,24XXX,400.0
OTHER,WHITE,NON-R,SHOE,N.A.,O,WH,L,S,O,OWHLSO,24XXX,400.0
OTHER,WHITE,NON-R,ENG. POLYMER,N.A.,O,WH,L,E,O,OWHLEO,24XXX,400.0
OTHER,WHITE,NON-R,N.A.,N.A.,O,WH,L,O,O,OWHLOO,24XXX,400.0
OTHER,WHITE,ROHS1,PIPE,N.A.,O,WH,H,P,O,OWHHPO,24XXX,400.0
OTHER,WHITE,ROHS1,FILM,N.A.,O,WH,H,F,O,OWHHFO,24XXX,400.0
OTHER,WHITE,ROHS1,MOULDING,N.A.,O,WH,H,M,O,OWHHMO,24XXX,400.0
OTHER,WHITE,ROHS1,CABLE,N.A.,O,WH,H,W,O,OWHHWO,24XXX,400.0
OTHER,WHITE,ROHS1,SHOE,N.A.,O,WH,H,S,O,OWHHSO,24XXX,400.0
OTHER,WHITE,ROHS1,ENG. POLYMER,N.A.,O,WH,H,E,O,OWHHEO,24XXX,400.0
OTHER,WHITE,ROHS1,N.A.,N.A.,O,WH,H,O,O,OWHHOO,24XXX,400.0
OTHER,WHITE,REACH,PIPE,N.A.,O,WH,C,P,O,OWHCPO,245XX,400.0
OTHER,WHITE,REACH,FILM,N.A.,O,WH,C,F,O,OWHCFO,245XX,400.0
OTHER,WHITE,REACH,MOULDING,N.A.,O,WH,C,M,O,OWHCMO,245XX,400.0
OTHER,WHITE,REACH,CABLE,N.A.,O,WH,C,W,O,OWHCWO,245XX,400.0
OTHER,WHITE,REACH,SHOE,N.A.,O,WH,C,S,O,OWHCSO,245XX,400.0
OTHER,WHITE,REACH,ENG. POLYMER,N.A.,O,WH,C,E,O,OWHCEO,245XX,400.0
OTHER,WHITE,REACH,N.A.,N.A.,O,WH,C,O,O,OWHCOO,245XX,400.0
OTHER,RED,NON-R,PIPE,N.A.,O,RD,L,P,O,ORDLPO,34XXX,400.0
OTHER,RED,NON-R,FILM,N.A.,O,RD,L,F,O,ORDLFO,34XXX,400.0
OTHER,RED,NON-R,MOULDING,N.A.,O,RD,L,M,O,ORDLMO,34XXX,400.0
OTHER,RED,NON-R,CABLE,N.A.,O,RD,L,W,O,ORDLWO,34XXX,400.0
OTHER,RED,NON-R,SHOE,N.A.,O,RD,L,S,O,ORDLSO,34XXX,400.0
OTHER,RED,NON-R,ENG. POLYMER,N.A.,O,RD,L,E,O,ORDLEO,34XXX,400.0
OTHER,RED,NON-R,N.A.,N.A.,O,RD,L,O,O,ORDLOO,34XXX,400.0
OTHER,RED,ROHS1,PIPE,N.A.,O,RD,H,P,O,ORDHPO,34XXX,400.0
OTHER,RED,ROHS1,FILM,N.A.,O,RD,H,F,O,ORDHFO,34XXX,400.0
OTHER,RED,ROHS1,MOULDING,N.A.,O,RD,H,M,O,ORDHMO,34XXX,400.0
OTHER,RED,ROHS1,CABLE,N.A.,O,RD,H,W,O,ORDHWO,34XXX,400.0
OTHER,RED,ROHS1,SHOE,N.A.,O,RD,H,S,O,ORDHSO,34XXX,400.0
OTHER,RED,ROHS1,ENG. POLYMER,N.A.,O,RD,H,E,O,ORDHEO,34XXX,400.0
OTHER,RED,ROHS1,N.A.,N.A.,O,RD,H,O,O,ORDHOO,34XXX,400.0
OTHER,RED,REACH,PIPE,N.A.,O,RD,C,P,O,ORDCPO,345XX,400.0
OTHER,RED,REACH,FILM,N.A.,O,RD,C,F,O,ORDCFO,345XX,400.0
OTHER,RED,REACH,MOULDING,N.A.,O,RD,C,M,O,ORDCMO,345XX,400.0
OTHER,RED,REACH,CABLE,N.A.,O,RD,C,W,O,ORDCWO,345XX,400.0
OTHER,RED,REACH,SHOE,N.A.,O,RD,C,S,O,ORDCSO,345XX,400.0
OTHER,RED,REACH,ENG. POLYMER,N.A.,O,RD,C,E,O,ORDCEO,345XX,400.0
OTHER,RED,REACH,N.A.,N.A.,O,RD,C,O,O,ORDCOO,345XX,400.0
OTHER,GREEN,NON-R,PIPE,N.A.,O,GR,L,P,O,OGRLPO,44XXX,400.0
OTHER,GREEN,NON-R,FILM,N.A.,O,GR,L,F,O,OGRLFO,44XXX,400.0
OTHER,GREEN,NON-R,MOULDING,N.A.,O,GR,L,M,O,OGRLMO,44XXX,400.0
OTHER,GREEN,NON-R,CABLE,N.A.,O,GR,L,W,O,OGRLWO,44XXX,400.0
OTHER,GREEN,NON-R,SHOE,N.A.,O,GR,L,S,O,OGRLSO,44XXX,400.0
OTHER,GREEN,NON-R,ENG. POLYMER,N.A.,O,GR,L,E,O,OGRLEO,44XXX,400.0
OTHER,GREEN,NON-R,N.A.,N.A.,O,GR,L,O,O,OGRLOO,44XXX,400.0
OTHER,GREEN,ROHS1,PIPE,N.A.,O,GR,H,P,O,OGRHPO,44XXX,400.0
OTHER,GREEN,ROHS1,FILM,N.A.,O,GR,H,F,O,OGRHFO,44XXX,400.0
OTHER,GREEN,ROHS1,MOULDING,N.A.,O,GR,H,M,O,OGRHMO,44XXX,400.0
OTHER,GREEN,ROHS1,CABLE,N.A.,O,GR,H,W,O,OGRHWO,44XXX,400.0
OTHER,GREEN,ROHS1,SHOE,N.A.,O,GR,H,S,O,OGRHSO,44XXX,400.0
OTHER,GREEN,ROHS1,ENG. POLYMER,N.A.,O,GR,H,E,O,OGRHEO,44XXX,400.0
OTHER,GREEN,ROHS1,N.A.,N.A.,O,GR,H,O,O,OGRHOO,44XXX,400.0
OTHER,GREEN,REACH,PIPE,N.A.,O,GR,C,P,O,OGRCPO,445XX,400.0
OTHER,GREEN,REACH,FILM,N.A.,O,GR,C,F,O,OGRCFO,445XX,400.0
OTHER,GREEN,REACH,MOULDING,N.A.,O,GR,C,M,O,OGRCMO,445XX,400.0
OTHER,GREEN,REACH,CABLE,N.A.,O,GR,C,W,O,OGRCWO,445XX,400.0
OTHER,GREEN,REACH,SHOE,N.A.,O,GR,C,S,O,OGRCSO,445XX,400.0
OTHER,GREEN,REACH,ENG. POLYMER,N.A.,O,GR,C,E,O,OGRCEO,445XX,400.0
OTHER,GREEN,REACH,N.A.,N.A.,O,GR,C,O,O,OGRCOO,445XX,400.0
OTHER,YELLOW,NON-R,PIPE,N.A.,O,YL,L,P,O,OYLLPO,54XXX,400.0
OTHER,YELLOW,NON-R,FILM,N.A.,O,YL,L,F,O,OYLLFO,54XXX,400.0
OTHER,YELLOW,NON-R,MOULDING,N.A.,O,YL,L,M,O,OYLLMO,54XXX,400.0
OTHER,YELLOW,NON-R,CABLE,N.A.,O,YL,L,W,O,OYLLWO,54XXX,400.0
OTHER,YELLOW,NON-R,SHOE,N.A.,O,YL,L,S,O,OYLLSO,54XXX,400.0
OTHER,YELLOW,NON-R,ENG. POLYMER,N.A.,O,YL,L,E,O,OYLLEO,54XXX,400.0
OTHER,YELLOW,NON-R,N.A.,N.A.,O,YL,L,O,O,OYLLOO,54XXX,400.0
OTHER,YELLOW,ROHS1,PIPE,N.A.,O,YL,H,P,O,OYLHPO,54XXX,400.0
OTHER,YELLOW,ROHS1,FILM,N.A.,O,YL,H,F,O,OYLHFO,54XXX,400.0
OTHER,YELLOW,ROHS1,MOULDING,N.A.,O,YL,H,M,O,OYLHMO,54XXX,400.0
OTHER,YELLOW,ROHS1,CABLE,N.A.,O,YL,H,W,O,OYLHWO,54XXX,400.0
OTHER,YELLOW,ROHS1,SHOE,N.A.,O,YL,H,S,O,OYLHSO,54XXX,400.0
OTHER,YELLOW,ROHS1,ENG. POLYMER,N.A.,O,YL,H,E,O,OYLHEO,54XXX,400.0
OTHER,YELLOW,ROHS1,N.A.,N.A.,O,YL,H,O,O,OYLHOO,54XXX,400.0
OTHER,YELLOW,REACH,PIPE,N.A.,O,YL,C,P,O,OYLCPO,545XX,400.0
OTHER,YELLOW,REACH,FILM,N.A.,O,YL,C,F,O,OYLCFO,545XX,400.0
OTHER,YELLOW,REACH,MOULDING,N.A.,O,YL,C,M,O,OYLCMO,545XX,400.0
OTHER,YELLOW,REACH,CABLE,N.A.,O,YL,C,W,O,OYLCWO,545XX,400.0
OTHER,YELLOW,REACH,SHOE,N.A.,O,YL,C,S,O,OYLCSO,545XX,400.0
OTHER,YELLOW,REACH,ENG. POLYMER,N.A.,O,YL,C,E,O,OYLCEO,545XX,400.0
OTHER,YELLOW,REACH,N.A.,N.A.,O,YL,C,O,O,OYLCOO,545XX,400.0
OTHER,BLUE,NON-R,PIPE,N.A.,O,BU,L,P,O,OBULPO,64XXX,400.0
OTHER,BLUE,NON-R,FILM,N.A.,O,BU,L,F,O,OBULFO,64XXX,400.0
OTHER,BLUE,NON-R,MOULDING,N.A.,O,BU,L,M,O,OBULMO,64XXX,400.0
OTHER,BLUE,NON-R,CABLE,N.A.,O,BU,L,W,O,OBULWO,64XXX,400.0
OTHER,BLUE,NON-R,SHOE,N.A.,O,BU,L,S,O,OBULSO,64XXX,400.0
OTHER,BLUE,NON-R,ENG. POLYMER,N.A.,O,BU,L,E,O,OBULEO,64XXX,400.0
OTHER,BLUE,NON-R,N.A.,N.A.,O,BU,L,O,O,OBULOO,64XXX,400.0
OTHER,BLUE,ROHS1,PIPE,N.A.,O,BU,H,P,O,OBUHPO,64XXX,400.0
OTHER,BLUE,ROHS1,FILM,N.A.,O,BU,H,F,O,OBUHFO,64XXX,400.0
OTHER,BLUE,ROHS1,MOULDING,N.A.,O,BU,H,M,O,OBUHMO,64XXX,400.0
OTHER,BLUE,ROHS1,CABLE,N.A.,O,BU,H,W,O,OBUHWO,64XXX,400.0
OTHER,BLUE,ROHS1,SHOE,N.A.,O,BU,H,S,O,OBUHSO,64XXX,400.0
OTHER,BLUE,ROHS1,ENG. POLYMER,N.A.,O,BU,H,E,O,OBUHEO,64XXX,400.0
OTHER,BLUE,ROHS1,N.A.,N.A.,O,BU,H,O,O,OBUHOO,64XXX,400.0
OTHER,BLUE,REACH,PIPE,N.A.,O,BU,C,P,O,OBUCPO,645XX,400.0
OTHER,BLUE,REACH,FILM,N.A.,O,BU,C,F,O,OBUCFO,645XX,400.0
OTHER,BLUE,REACH,MOULDING,N.A.,O,BU,C,M,O,OBUCMO,645XX,400.0
OTHER,BLUE,REACH,CABLE,N.A.,O,BU,C,W,O,OBUCWO,645XX,400.0
OTHER,BLUE,REACH,SHOE,N.A.,O,BU,C,S,O,OBUCSO,645XX,400.0
OTHER,BLUE,REACH,ENG. POLYMER,N.A.,O,BU,C,E,O,OBUCEO,645XX,400.0
OTHER,BLUE,REACH,N.A.,N.A.,O,BU,C,O,O,OBUCOO,645XX,400.0
OTHER,ORANGE,NON-R,PIPE,N.A.,O,OR,L,P,O,OORLPO,74XXX,400.0
OTHER,ORANGE,NON-R,FILM,N.A.,O,OR,L,F,O,OORLFO,74XXX,400.0
OTHER,ORANGE,NON-R,MOULDING,N.A.,O,OR,L,M,O,OORLMO,74XXX,400.0
OTHER,ORANGE,NON-R,CABLE,N.A.,O,OR,L,W,O,OORLWO,74XXX,400.0
OTHER,ORANGE,NON-R,SHOE,N.A.,O,OR,L,S,O,OORLSO,74XXX,400.0
OTHER,ORANGE,NON-R,ENG. POLYMER,N.A.,O,OR,L,E,O,OORLEO,74XXX,400.0
OTHER,ORANGE,NON-R,N.A.,N.A.,O,OR,L,O,O,OORLOO,74XXX,400.0
OTHER,ORANGE,ROHS1,PIPE,N.A.,O,OR,H,P,O,OORHPO,74XXX,400.0
OTHER,ORANGE,ROHS1,FILM,N.A.,O,OR,H,F,O,OORHFO,74XXX,400.0
OTHER,ORANGE,ROHS1,MOULDING,N.A.,O,OR,H,M,O,OORHMO,74XXX,400.0
OTHER,ORANGE,ROHS1,CABLE,N.A.,O,OR,H,W,O,OORHWO,74XXX,400.0
OTHER,ORANGE,ROHS1,SHOE,N.A.,O,OR,H,S,O,OORHSO,74XXX,400.0
OTHER,ORANGE,ROHS1,ENG. POLYMER,N.A.,O,OR,H,E,O,OORHEO,74XXX,400.0
OTHER,ORANGE,ROHS1,N.A.,N.A.,O,OR,H,O,O,OORHOO,74XXX,400.0
OTHER,ORANGE,REACH,PIPE,N.A.,O,OR,C,P,O,OORCPO,745XX,400.0
OTHER,ORANGE,REACH,FILM,N.A.,O,OR,C,F,O,OORCFO,745XX,400.0
OTHER,ORANGE,REACH,MOULDING,N.A.,O,OR,C,M,O,OORCMO,745XX,400.0
OTHER,ORANGE,REACH,CABLE,N.A.,O,OR,C,W,O,OORCWO,745XX,400.0
OTHER,ORANGE,REACH,SHOE,N.A.,O,OR,C,S,O,OORCSO,745XX,400.0
OTHER,ORANGE,REACH,ENG. POLYMER,N.A.,O,OR,C,E,O,OORCEO,745XX,400.0
OTHER,ORANGE,REACH,N.A.,N.A.,O,OR,C,O,O,OORCOO,745XX,400.0
OTHER,VIOLET,NON-R,PIPE,N.A.,O,VL,L,P,O,OVLLPO,84XXX,400.0
OTHER,VIOLET,NON-R,FILM,N.A.,O,VL,L,F,O,OVLLFO,84XXX,400.0
OTHER,VIOLET,NON-R,MOULDING,N.A.,O,VL,L,M,O,OVLLMO,84XXX,400.0
OTHER,VIOLET,NON-R,CABLE,N.A.,O,VL,L,W,O,OVLLWO,84XXX,400.0
OTHER,VIOLET,NON-R,SHOE,N.A.,O,VL,L,S,O,OVLLSO,84XXX,400.0
OTHER,VIOLET,NON-R,ENG. POLYMER,N.A.,O,VL,L,E,O,OVLLEO,84XXX,400.0
OTHER,VIOLET,NON-R,N.A.,N.A.,O,VL,L,O,O,OVLLOO,84XXX,400.0
OTHER,VIOLET,ROHS1,PIPE,N.A.,O,VL,H,P,O,OVLHPO,84XXX,400.0
OTHER,VIOLET,ROHS1,FILM,N.A.,O,VL,H,F,O,OVLHFO,84XXX,400.0
OTHER,VIOLET,ROHS1,MOULDING,N.A.,O,VL,H,M,O,OVLHMO,84XXX,400.0
OTHER,VIOLET,ROHS1,CABLE,N.A.,O,VL,H,W,O,OVLHWO,84XXX,400.0
OTHER,VIOLET,ROHS1,SHOE,N.A.,O,VL,H,S,O,OVLHSO,84XXX,400.0
OTHER,VIOLET,ROHS1,ENG. POLYMER,N.A.,O,VL,H,E,O,OVLHEO,84XXX,400.0
OTHER,VIOLET,ROHS1,N.A.,N.A.,O,VL,H,O,O,OVLHOO,84XXX,400.0
OTHER,VIOLET,REACH,PIPE,N.A.,O,VL,C,P,O,OVLCPO,845XX,400.0
OTHER,VIOLET,REACH,FILM,N.A.,O,VL,C,F,O,OVLCFO,845XX,400.0
OTHER,VIOLET,REACH,MOULDING,N.A.,O,VL,C,M,O,OVLCMO,845XX,400.0
OTHER,VIOLET,REACH,CABLE,N.A.,O,VL,C,W,O,OVLCWO,845XX,400.0
OTHER,VIOLET,REACH,SHOE,N.A.,O,VL,C,S,O,OVLCSO,845XX,400.0
OTHER,VIOLET,REACH,ENG. POLYMER,N.A.,O,VL,C,E,O,OVLCEO,845XX,400.0
OTHER,VIOLET,REACH,N.A.,N.A.,O,VL,C,O,O,OVLCOO,845XX,400.0
OTHER,PINK,NON-R,PIPE,N.A.,O,PK,L,P,O,OPKLPO,89XXX,400.0
OTHER,PINK,NON-R,FILM,N.A.,O,PK,L,F,O,OPKLFO,89XXX,400.0
OTHER,PINK,NON-R,MOULDING,N.A.,O,PK,L,M,O,OPKLMO,89XXX,400.0
OTHER,PINK,NON-R,CABLE,N.A.,O,PK,L,W,O,OPKLWO,89XXX,400.0
OTHER,PINK,NON-R,SHOE,N.A.,O,PK,L,S,O,OPKLSO,89XXX,400.0
OTHER,PINK,NON-R,ENG. POLYMER,N.A.,O,PK,L,E,O,OPKLEO,89XXX,400.0
OTHER,PINK,NON-R,N.A.,N.A.,O,PK,L,O,O,OPKLOO,89XXX,400.0
OTHER,PINK,ROHS1,PIPE,N.A.,O,PK,H,P,O,OPKHPO,89XXX,400.0
OTHER,PINK,ROHS1,FILM,N.A.,O,PK,H,F,O,OPKHFO,89XXX,400.0
OTHER,PINK,ROHS1,MOULDING,N.A.,O,PK,H,M,O,OPKHMO,89XXX,400.0
OTHER,PINK,ROHS1,CABLE,N.A.,O,PK,H,W,O,OPKHWO,89XXX,400.0
OTHER,PINK,ROHS1,SHOE,N.A.,O,PK,H,S,O,OPKHSO,89XXX,400.0
OTHER,PINK,ROHS1,ENG. POLYMER,N.A.,O,PK,H,E,O,OPKHEO,89XXX,400.0
OTHER,PINK,ROHS1,N.A.,N.A.,O,PK,H,O,O,OPKHOO,89XXX,400.0
OTHER,PINK,REACH,PIPE,N.A.,O,PK,C,P,O,OPKCPO,895XX,400.0
OTHER,PINK,REACH,FILM,N.A.,O,PK,C,F,O,OPKCFO,895XX,400.0
OTHER,PINK,REACH,MOULDING,N.A.,O,PK,C,M,O,OPKCMO,895XX,400.0
OTHER,PINK,REACH,CABLE,N.A.,O,PK,C,W,O,OPKCWO,895XX,400.0
OTHER,PINK,REACH,SHOE,N.A.,O,PK,C,S,O,OPKCSO,895XX,400.0
OTHER,PINK,REACH,ENG. POLYMER,N.A.,O,PK,C,E,O,OPKCEO,895XX,400.0
OTHER,PINK,REACH,N.A.,N.A.,O,PK,C,O,O,OPKCOO,895XX,400.0
OTHER,BROWN,NON-R,PIPE,N.A.,O,BW,L,P,O,OBWLPO,94XXX,400.0
OTHER,BROWN,NON-R,FILM,N.A.,O,BW,L,F,O,OBWLFO,94XXX,400.0
OTHER,BROWN,NON-R,MOULDING,N.A.,O,BW,L,M,O,OBWLMO,94XXX,400.0
OTHER,BROWN,NON-R,CABLE,N.A.,O,BW,L,W,O,OBWLWO,94XXX,400.0
OTHER,BROWN,NON-R,SHOE,N.A.,O,BW,L,S,O,OBWLSO,94XXX,400.0
OTHER,BROWN,NON-R,ENG. POLYMER,N.A.,O,BW,L,E,O,OBWLEO,94XXX,400.0
OTHER,BROWN,NON-R,N.A.,N.A.,O,BW,L,O,O,OBWLOO,94XXX,400.0
OTHER,BROWN,ROHS1,PIPE,N.A.,O,BW,H,P,O,OBWHPO,94XXX,400.0
OTHER,BROWN,ROHS1,FILM,N.A.,O,BW,H,F,O,OBWHFO,94XXX,400.0
OTHER,BROWN,ROHS1,MOULDING,N.A.,O,BW,H,M,O,OBWHMO,94XXX,400.0
OTHER,BROWN,ROHS1,CABLE,N.A.,O,BW,H,W,O,OBWHWO,94XXX,400.0
OTHER,BROWN,ROHS1,SHOE,N.A.,O,BW,H,S,O,OBWHSO,94XXX,400.0
OTHER,BROWN,ROHS1,ENG. POLYMER,N.A.,O,BW,H,E,O,OBWHEO,94XXX,400.0
OTHER,BROWN,ROHS1,N.A.,N.A.,O,BW,H,O,O,OBWHOO,94XXX,400.0
OTHER,BROWN,REACH,PIPE,N.A.,O,BW,C,P,O,OBWCPO,945XX,400.0
OTHER,BROWN,REACH,FILM,N.A.,O,BW,C,F,O,OBWCFO,945XX,400.0
OTHER,BROWN,REACH,MOULDING,N.A.,O,BW,C,M,O,OBWCMO,945XX,400.0
OTHER,BROWN,REACH,CABLE,N.A.,O,BW,C,W,O,OBWCWO,945XX,400.0
OTHER,BROWN,REACH,SHOE,N.A.,O,BW,C,S,O,OBWCSO,945XX,400.0
OTHER,BROWN,REACH,ENG. POLYMER,N.A.,O,BW,C,E,O,OBWCEO,945XX,400.0
OTHER,BROWN,REACH,N.A.,N.A.,O,BW,C,O,O,OBWCOO,945XX,400.0
PE,ANTI BLOCK & SLIP,NON-R,N.A.,N.A.,E,AB,L,O,O,EABLOO,ABEXXX,50.0
PE,ANTI BLOCK & SLIP,ROHS1,N.A.,N.A.,E,AB,H,O,O,EABHOO,ABEXXX,50.0
PE,ANTI BLOCK & SLIP,REACH,N.A.,N.A.,E,AB,C,O,O,EABCOO,ABE5XX,50.0
PE,ANTI FOG,NON-R,N.A.,N.A.,E,AF,L,O,O,EAFLOO,AFEXXX,100.0
PE,ANTI FOG,ROHS1,N.A.,N.A.,E,AF,H,O,O,EAFHOO,AFEXXX,100.0
PE,ANTI FOG,REACH,N.A.,N.A.,E,AF,C,O,O,EAFCOO,AFE5XX,100.0
PE,ANTI MICROBIAL,NON-R,N.A.,N.A.,E,AM,L,O,O,EAMLOO,AMEXXX,300.0
PE,ANTI MICROBIAL,ROHS1,N.A.,N.A.,E,AM,H,O,O,EAMHOO,AMEXXX,300.0
PE,ANTI MICROBIAL,REACH,N.A.,N.A.,E,AM,C,O,O,EAMCOO,AME5XX,300.0
PE,ANTI STATIC,NON-R,N.A.,N.A.,E,AS,L,O,O,EASLOO,ASEXXX,75.0
PE,ANTI STATIC,ROHS1,N.A.,N.A.,E,AS,H,O,O,EASHOO,ASEXXX,75.0
PE,ANTI STATIC,REACH,N.A.,N.A.,E,AS,C,O,O,EASCOO,ASE5XX,75.0
PE,ATAR,NON-R,N.A.,N.A.,E,AT,L,O,O,EATLOO,ATEXXX,300.0
PE,ATAR,ROHS1,N.A.,N.A.,E,AT,H,O,O,EATHOO,ATEXXX,300.0
PE,ATAR,REACH,N.A.,N.A.,E,AT,C,O,O,EATCOO,ATE5XX,300.0
PVC,ATAR,NON-R,N.A.,N.A.,C,AT,L,O,O,CATLOO,ATCXXX,300.0
PVC,ATAR,ROHS1,N.A.,N.A.,C,AT,H,O,O,CATHOO,ATCXXX,300.0
PVC,ATAR,REACH,N.A.,N.A.,C,AT,C,O,O,CATCOO,ATC5XX,300.0
ABS/HIPS,ATAR,NON-R,N.A.,N.A.,S,AT,L,O,O,SATLOO,ATSXXX,325.0
ABS/HIPS,ATAR,ROHS1,N.A.,N.A.,S,AT,H,O,O,SATHOO,ATSXXX,325.0
ABS/HIPS,ATAR,REACH,N.A.,N.A.,S,AT,C,O,O,SATCOO,ATS5XX,325.0
EVA,ATAR,NON-R,N.A.,N.A.,V,AT,L,O,O,VATLOO,ATVXXX,350.0
EVA,ATAR,ROHS1,N.A.,N.A.,V,AT,H,O,O,VATHOO,ATVXXX,350.0
EVA,ATAR,REACH,N.A.,N.A.,V,AT,C,O,O,VATCOO,ATV5XX,350.0
OTHER,ATAR,NON-R,N.A.,N.A.,O,AT,L,O,O,OATLOO,ATOXXX,400.0
OTHER,ATAR,ROHS1,N.A.,N.A.,O,AT,H,O,O,OATHOO,ATOXXX,400.0
OTHER,ATAR,REACH,N.A.,N.A.,O,AT,C,O,O,OATCOO,ATO5XX,400.0
PE,DESICCANT,NON-R,N.A.,N.A.,E,AD,L,O,O,EADLOO,ADEXXX,30.0
PE,DESICCANT,ROHS1,N.A.,N.A.,E,AD,H,O,O,EADHOO,ADEXXX,30.0
PE,DESICCANT,REACH,N.A.,N.A.,E,AD,C,O,O,EADCOO,ADE5XX,30.0
PE,FILLER,NON-R,N.A.,N.A.,E,FL,L,O,O,EFLLOO,FLEXXX,16.0
PE,FILLER,ROHS1,N.A.,N.A.,E,FL,H,O,O,EFLHOO,FLEXXX,16.0
PE,FILLER,REACH,N.A.,N.A.,E,FL,C,O,O,EFLCOO,FLE5XX,16.0
PE,FR ADDITIVE,NON-R,N.A.,N.A.,E,FR,L,O,O,EFRLOO,FREXXX,250.0
PE,FR ADDITIVE,ROHS1,N.A.,N.A.,E,FR,H,O,O,EFRHOO,FREXXX,250.0
PE,FR ADDITIVE,REACH,N.A.,N.A.,E,FR,C,O,O,EFRCOO,FRE5XX,250.0
PVC,FR ADDITIVE,NON-R,N.A.,N.A.,C,FR,L,O,O,CFRLOO,FRCXXX,200.0
PVC,FR ADDITIVE,ROHS1,N.A.,N.A.,C,FR,H,O,O,CFRHOO,FRCXXX,200.0
PVC,FR ADDITIVE,REACH,N.A.,N.A.,C,FR,C,O,O,CFRCOO,FRC5XX,200.0
ABS/HIPS,FR ADDITIVE,NON-R,N.A.,N.A.,S,FR,L,O,O,SFRLOO,FRSXXX,225.0
ABS/HIPS,FR ADDITIVE,ROHS1,N.A.,N.A.,S,FR,H,O,O,SFRHOO,FRSXXX,225.0
ABS/HIPS,FR ADDITIVE,REACH,N.A.,N.A.,S,FR,C,O,O,SFRCOO,FRS5XX,225.0
EVA,FR ADDITIVE,NON-R,N.A.,N.A.,V,FR,L,O,O,VFRLOO,FRVXXX,250.0
EVA,FR ADDITIVE,ROHS1,N.A.,N.A.,V,FR,H,O,O,VFRHOO,FRVXXX,250.0
EVA,FR ADDITIVE,REACH,N.A.,N.A.,V,FR,C,O,O,VFRCOO,FRV5XX,250.0
OTHER,FR ADDITIVE,NON-R,N.A.,N.A.,O,FR,L,O,O,OFRLOO,FROXXX,300.0
OTHER,FR ADDITIVE,ROHS1,N.A.,N.A.,O,FR,H,O,O,OFRHOO,FROXXX,300.0
OTHER,FR ADDITIVE,REACH,N.A.,N.A.,O,FR,C,O,O,OFRCOO,FRO5XX,300.0
PE,FRAGRANCE,NON-R,N.A.,N.A.,E,FG,L,O,O,EFGLOO,FGEXXX,300.0
PE,FRAGRANCE,ROHS1,N.A.,N.A.,E,FG,H,O,O,EFGHOO,FGEXXX,300.0
PE,FRAGRANCE,REACH,N.A.,N.A.,E,FG,C,O,O,EFGCOO,FGE5XX,300.0
PVC,FRAGRANCE,NON-R,N.A.,N.A.,C,FG,L,O,O,CFGLOO,FGCXXX,300.0
PVC,FRAGRANCE,ROHS1,N.A.,N.A.,C,FG,H,O,O,CFGHOO,FGCXXX,300.0
PVC,FRAGRANCE,REACH,N.A.,N.A.,C,FG,C,O,O,CFGCOO,FGC5XX,300.0
ABS/HIPS,FRAGRANCE,NON-R,N.A.,N.A.,S,FG,L,O,O,SFGLOO,FGSXXX,325.0
ABS/HIPS,FRAGRANCE,ROHS1,N.A.,N.A.,S,FG,H,O,O,SFGHOO,FGSXXX,325.0
ABS/HIPS,FRAGRANCE,REACH,N.A.,N.A.,S,FG,C,O,O,SFGCOO,FGS5XX,325.0
EVA,FRAGRANCE,NON-R,N.A.,N.A.,V,FG,L,O,O,VFGLOO,FGVXXX,350.0
EVA,FRAGRANCE,ROHS1,N.A.,N.A.,V,FG,H,O,O,VFGHOO,FGVXXX,350.0
EVA,FRAGRANCE,REACH,N.A.,N.A.,V,FG,C,O,O,VFGCOO,FGV5XX,350.0
OTHER,FRAGRANCE,NON-R,N.A.,N.A.,O,FG,L,O,O,OFGLOO,FGOXXX,400.0
OTHER,FRAGRANCE,ROHS1,N.A.,N.A.,O,FG,H,O,O,OFGHOO,FGOXXX,400.0
OTHER,FRAGRANCE,REACH,N.A.,N.A.,O,FG,C,O,O,OFGCOO,FGO5XX,400.0
PE,HEAT STABLIZER,NON-R,N.A.,N.A.,E,HS,L,O,O,EHSLOO,HSEXXX,50.0
PE,HEAT STABLIZER,ROHS1,N.A.,N.A.,E,HS,H,O,O,EHSHOO,HSEXXX,50.0
PE,HEAT STABLIZER,REACH,N.A.,N.A.,E,HS,C,O,O,EHSCOO,HSE5XX,50.0
PVC,HEAT STABLIZER,NON-R,N.A.,N.A.,C,HS,L,O,O,CHSLOO,HSCXXX,150.0
PVC,HEAT STABLIZER,ROHS1,N.A.,N.A.,C,HS,H,O,O,CHSHOO,HSCXXX,150.0
PVC,HEAT STABLIZER,REACH,N.A.,N.A.,C,HS,C,O,O,CHSCOO,HSC5XX,150.0
ABS/HIPS,HEAT STABLIZER,NON-R,N.A.,N.A.,S,HS,L,O,O,SHSLOO,HSSXXX,175.0
ABS/HIPS,HEAT STABLIZER,ROHS1,N.A.,N.A.,S,HS,H,O,O,SHSHOO,HSSXXX,175.0
ABS/HIPS,HEAT STABLIZER,REACH,N.A.,N.A.,S,HS,C,O,O,SHSCOO,HSS5XX,175.0
EVA,HEAT STABLIZER,NON-R,N.A.,N.A.,V,HS,L,O,O,VHSLOO,HSVXXX,200.0
EVA,HEAT STABLIZER,ROHS1,N.A.,N.A.,V,HS,H,O,O,VHSHOO,HSVXXX,200.0
EVA,HEAT STABLIZER,REACH,N.A.,N.A.,V,HS,C,O,O,VHSCOO,HSV5XX,200.0
OTHER,HEAT STABLIZER,NON-R,N.A.,N.A.,O,HS,L,O,O,OHSLOO,HSOXXX,250.0
OTHER,HEAT STABLIZER,ROHS1,N.A.,N.A.,O,HS,H,O,O,OHSHOO,HSOXXX,250.0
OTHER,HEAT STABLIZER,REACH,N.A.,N.A.,O,HS,C,O,O,OHSCOO,HSO5XX,250.0
PE,OPTICAL BRIGHTNER,NON-R,N.A.,N.A.,E,OB,L,O,O,EOBLOO,OBEXXX,50.0
PE,OPTICAL BRIGHTNER,ROHS1,N.A.,N.A.,E,OB,H,O,O,EOBHOO,OBEXXX,50.0
PE,OPTICAL BRIGHTNER,REACH,N.A.,N.A.,E,OB,C,O,O,EOBCOO,OBE5XX,50.0
PE,OXO BIODEGRADABLE,NON-R,N.A.,N.A.,E,OX,L,O,O,EOXLOO,OXEXXX,100.0
PE,OXO BIODEGRADABLE,ROHS1,N.A.,N.A.,E,OX,H,O,O,EOXHOO,OXEXXX,100.0
PE,OXO BIODEGRADABLE,REACH,N.A.,N.A.,E,OX,C,O,O,EOXCOO,OXE5XX,100.0
PE,PPA,NON-R,N.A.,N.A.,E,PA,L,O,O,EPALOO,PAEXXX,75.0
PE,PPA,ROHS1,N.A.,N.A.,E,PA,H,O,O,EPAHOO,PAEXXX,75.0
PE,PPA,REACH,N.A.,N.A.,E,PA,C,O,O,EPACOO,PAE5XX,75.0
PE,SILICONE MASTERBATCH,NON-R,N.A.,N.A.,E,SC,L,O,O,ESCLOO,SCEXXX,150.0
PE,SILICONE MASTERBATCH,ROHS1,N.A.,N.A.,E,SC,H,O,O,ESCHOO,SCEXXX,150.0
PE,SILICONE MASTERBATCH,REACH,N.A.,N.A.,E,SC,C,O,O,ESCCOO,SCE5XX,150.0
PE,UV,NON-R,N.A.,N.A.,E,UV,L,O,O,EUVLOO,UVEXXX,75.0
PE,UV,ROHS1,N.A.,N.A.,E,UV,H,O,O,EUVHOO,UVEXXX,75.0
PE,UV,REACH,N.A.,N.A.,E,UV,C,O,O,EUVCOO,UVE5XX,75.0
PVC,UV,NON-R,N.A.,N.A.,C,UV,L,O,O,CUVLOO,UVCXXX,150.0
PVC,UV,ROHS1,N.A.,N.A.,C,UV,H,O,O,CUVHOO,UVCXXX,150.0
PVC,UV,REACH,N.A.,N.A.,C,UV,C,O,O,CUVCOO,UVC5XX,150.0
ABS/HIPS,UV,NON-R,N.A.,N.A.,S,UV,L,O,O,SUVLOO,UVSXXX,175.0
ABS/HIPS,UV,ROHS1,N.A.,N.A.,S,UV,H,O,O,SUVHOO,UVSXXX,175.0
ABS/HIPS,UV,REACH,N.A.,N.A.,S,UV,C,O,O,SUVCOO,UVS5XX,175.0
EVA,UV,NON-R,N.A.,N.A.,V,UV,L,O,O,VUVLOO,UVVXXX,200.0
EVA,UV,ROHS1,N.A.,N.A.,V,UV,H,O,O,VUVHOO,UVVXXX,200.0
EVA,UV,REACH,N.A.,N.A.,V,UV,C,O,O,VUVCOO,UVV5XX,200.0
OTHER,UV,NON-R,N.A.,N.A.,O,UV,L,O,O,OUVLOO,UVOXXX,250.0
OTHER,UV,ROHS1,N.A.,N.A.,O,UV,H,O,O,OUVHOO,UVOXXX,250.0
OTHER,UV,REACH,N.A.,N.A.,O,UV,C,O,O,OUVCOO,UVO5XX,250.0
PE,VCI ADDITIVE,NON-R,N.A.,N.A.,E,VC,L,O,O,EVCLOO,VCEXXX,100.0
PE,VCI ADDITIVE,ROHS1,N.A.,N.A.,E,VC,H,O,O,EVCHOO,VCEXXX,100.0
PE,VCI ADDITIVE,REACH,N.A.,N.A.,E,VC,C,O,O,EVCCOO,VCE5XX,100.0
PE,OTHER,NON-R,N.A.,N.A.,E,O,L,O,O,EOLOO,OOEXXX,200.0
PE,OTHER,ROHS1,N.A.,N.A.,E,O,H,O,O,EOHOO,OOEXXX,250.0
PE,OTHER,REACH,N.A.,N.A.,E,O,C,O,O,EOCOO,OOE5XX,300.0
PVC,OTHER,NON-R,N.A.,N.A.,C,O,L,O,O,COLOO,OOCXXX,200.0
PVC,OTHER,ROHS1,N.A.,N.A.,C,O,H,O,O,COHOO,OOCXXX,250.0
PVC,OTHER,REACH,N.A.,N.A.,C,O,C,O,O,COCOO,OOC5XX,300.0
ABS/HIPS,OTHER,NON-R,N.A.,N.A.,S,O,L,O,O,SOLOO,OOSXXX,200.0
ABS/HIPS,OTHER,ROHS1,N.A.,N.A.,S,O,H,O,O,SOHOO,OOSXXX,250.0
ABS/HIPS,OTHER,REACH,N.A.,N.A.,S,O,C,O,O,SOCOO,OOS5XX,300.0
EVA,OTHER,NON-R,N.A.,N.A.,V,O,L,O,O,VOLOO,OOVXXX,200.0
EVA,OTHER,ROHS1,N.A.,N.A.,V,O,H,O,O,VOHOO,OOVXXX,250.0
EVA,OTHER,REACH,N.A.,N.A.,V,O,C,O,O,VOCOO,OOV5XX,300.0
OTHER,OTHER,NON-R,N.A.,N.A.,O,O,L,O,O,OOLOO,OOOXXX,400.0
OTHER,OTHER,ROHS1,N.A.,N.A.,O,O,H,O,O,OOHOO,OOOXXX,400.0
OTHER,OTHER,REACH,N.A.,N.A.,O,O,C,O,O,OOCOO,OOO5XX,400.0
PVC,VIOLET,REACH,SHOE,ZHFR,C,VL,C,S,Z,CVLCSZ,UD1XXXX,100.0
PVC,VIOLET,NON-R,SHOE,ZHFR,C,VL,L,S,Z,CVLLSZ,UD1XXXX,100.0
PE,WHITE,"{""{REACH,REACH}"",REACH}",MOULDING,N.A.,E,WH,X,M,O,EWHXMO,UD1XXXX,100.0
PE,WHITE,"{""{REACH,REACH}"",REACH}",FILM,N.A.,E,WH,X,F,O,EWHXFO,UD1XXXX,100.0
PE,BLACK,REACH,FILM,WOVEN,E,BL,C,F,W,EBLCFW,UD1XXXX,100.0
PE,BLUE,REACH,MOULDING,,E,BU,C,M,X,EBUCMX,UD1XXXX,100.0
PE,RED,REACH,MOULDING,,E,RD,C,M,X,ERDCMX,UD1XXXX,100.0
OTHER,OTHER,REACH,MOULDING,N.A.,O,O,C,M,O,OOCMO,UD1XXXX,100.0
EVA,GREEN,REACH,MOULDING,FLORO,V,GR,C,M,F,VGRCMF,UD1XXXX,100.0
ABS/HIPS,WHITE,REACH,FILM,N.A.,S,WH,C,F,O,SWHCFO,UD1XXXX,100.0
PE,PINK,REACH,MOULDING,,E,PK,C,M,X,EPKCMX,UD1XXXX,100.0
,GREEN,REACH,FILM,,X,GR,C,F,X,XGRCFX,UD1XXXX,100.0
PE,PINK,REACH,FILM,,E,PK,C,F,X,EPKCFX,UD1XXXX,100.0
PE,YELLOW,REACH,FILM,,E,YL,C,F,X,EYLCFX,UD1XXXX,100.0
PE,RED,REACH,PIPE,N.A.,E,RD,C,P,O,ERDCPO,UD1XXXX,100.0
PE,BLUE,REACH,SHOE,N.A.,E,BU,C,S,O,EBUCSO,UD1XXXX,100.0
PE,RED,REACH,CABLE,N.A.,E,RD,C,W,O,ERDCWO,UD1XXXX,100.0
ABS/HIPS,YELLOW,REACH,PIPE,WOVEN,S,YL,C,P,W,SYLCPW,UD1XXXX,100.0
PE,BLACK,NON-R,PIPE,N.A.,E,BL,L,P,O,EBLLPO,10XXX,300.0
PE,GREEN,NON-R,FILM,ZHFR,E,GR,L,F,Z,EGRLFZ,UD1XXXX,100.0
PE,OTHER,REACH,FILM,METALLIC,E,O,C,F,M,EOCFM,UD1XXXX,100.0
PVC,GREEN,REACH,SHOE,,C,GR,C,S,X,CGRCSX,UD1XXXX,100.0
ABS/HIPS,ANTI BLOCK & SLIP,NON-R,CABLE,FLORO,S,AB,L,W,F,SABLWF,UD1XXXX,100.0
EVA,BLACK,NON-R,ENG. POLYMER,METALLIC,V,BL,L,E,M,VBLLEM,UD1XXXX,100.0
ABS/HIPS,BLACK,NON-R,ENG. POLYMER,XLPE,S,BL,L,E,X,SBLLEX,UD1XXXX,100.0
PVC,BLACK,NON-R,N.A.,WOVEN,C,BL,L,O,W,CBLLOW,UD1XXXX,100.0
EVA,BROWN,NON-R,ENG. POLYMER,FLORO,V,BW,L,E,F,VBWLEF,UD1XXXX,100.0
EVA,BROWN,NON-R,FILM,FLORO,V,BW,L,F,F,VBWLFF,UD1XXXX,100.0
PE,BROWN,NON-R,MOULDING,,E,BW,L,M,X,EBWLMX,UD1XXXX,100.0
PE,ORANGE,NON-R,CABLE,N.A.,E,OR,L,W,O,EORLWO,UD1XXXX,100.0
OTHER,OTHER,NON-R,MOULDING,METALLIC,O,O,L,M,M,OOLMM,UD1XXXX,100.0
PE,RED,NON-R,ENG. POLYMER,ZHFR,E,RD,L,E,Z,ERDLEZ,UD1XXXX,100.0
PVC,GREEN,NON-R,N.A.,XLPE,C,GR,L,O,X,CGRLOX,UD1XXXX,100.0
PVC,VIOLET,NON-R,MOULDING,N.A.,C,VL,L,M,O,CVLLMO,UD1XXXX,100.0
PVC,BLUE,NON-R,MOULDING,N.A.,C,BU,L,M,O,CBULMO,UD1XXXX,100.0
PE,OTHER,NON-R,FILM,N.A.,E,O,L,F,O,EOLFO,UD1XXXX,100.0
PVC,PINK,NON-R,MOULDING,N.A.,C,PK,L,M,O,CPKLMO,UD1XXXX,100.0
PVC,YELLOW,NON-R,MOULDING,N.A.,C,YL,L,M,O,CYLLMO,UD1XXXX,100.0
PE,PINK,NON-R,MOULDING,,E,PK,L,M,X,EPKLMX,UD1XXXX,100.0
OTHER,GREEN,NON-R,MOULDING,,O,GR,L,M,X,OGRLMX,UD1XXXX,100.0
OTHER,RED,NON-R,MOULDING,FLORO,O,RD,L,M,F,ORDLMF,UD1XXXX,100.0
PE,GREEN,NON-R,ENG. POLYMER,ZHFR,E,GR,L,E,Z,EGRLEZ,UD1XXXX,100.0
PE,RED,NON-R,PIPE,ZHFR,E,RD,L,P,Z,ERDLPZ,UD1XXXX,100.0
PE,GREEN,NON-R,PIPE,N.A.,E,GR,L,P,O,EGRLPO,UD1XXXX,100.0
PE,WHITE,NON-R,PIPE,N.A.,E,WH,L,P,O,EWHLPO,UD1XXXX,100.0
PVC,BROWN,NON-R,SHOE,,C,BW,L,S,X,CBWLSX,UD1XXXX,100.0
PE,YELLOW,NON-R,PIPE,N.A.,E,YL,L,P,O,EYLLPO,UD1XXXX,100.0
PE,WHITE,NON-R,MOULDING,,E,WH,L,M,X,EWHLMX,UD1XXXX,100.0
PVC,YELLOW,NON-R,PIPE,N.A.,C,YL,L,P,O,CYLLPO,UD1XXXX,100.0
PVC,RED,NON-R,PIPE,N.A.,C,RD,L,P,O,CRDLPO,UD1XXXX,100.0
PVC,UV,NON-R,FILM,,C,UV,L,F,X,CUVLFX,UD1XXXX,100.0
PE,ATAR,NON-R,CABLE,N.A.,E,AT,L,W,O,EATLWO,UD1XXXX,100.0
PVC,RED,NON-R,MOULDING,N.A.,C,RD,L,M,O,CRDLMO,UD1XXXX,100.0
PE,FILLER,NON-R,FILM,N.A.,E,FL,L,F,O,EFLLFO,UD1XXXX,100.0
PE,FILLER,NON-R,MOULDING,N.A.,E,FL,L,M,O,EFLLMO,UD1XXXX,100.0
PVC,GREEN,NON-R,PIPE,XLPE,C,GR,L,P,X,CGRLPX,UD1XXXX,100.0
PVC,GREY,NON-R,MOULDING,N.A.,C,GY,L,M,O,CGYLMO,UD1XXXX,100.0
PE,OPTICAL BRIGHTNER,NON-R,MOULDING,N.A.,E,OB,L,M,O,EOBLMO,UD1XXXX,100.0
PE,UV,NON-R,FILM,N.A.,E,UV,L,F,O,EUVLFO,UD1XXXX,100.0
PE,ANTI BLOCK & SLIP,NON-R,FILM,N.A.,E,AB,L,F,O,EABLFO,UD1XXXX,100.0
PE,PPA,NON-R,FILM,N.A.,E,PA,L,F,O,EPALFO,UD1XXXX,100.0
EVA,BLUE,ROHS1,SHOE,N.A.,V,BU,H,S,O,VBUHSO,UD1XXXX,100.0
ABS/HIPS,GREY,NON-R,MOULDING,N.A.,S,GY,L,M,O,SGYLMO,UD1XXXX,100.0
PE,OTHER,NON-R,MOULDING,N.A.,E,O,L,M,O,EOLMO,UD1XXXX,100.0
ABS/HIPS,ORANGE,NON-R,MOULDING,N.A.,S,OR,L,M,O,SORLMO,UD1XXXX,100.0
PE,OTHER,REACH,FILM,N.A.,E,O,C,F,O,EOCFO,UD1XXXX,100.0
PVC,ATAR,ROHS1,CABLE,N.A.,C,AT,H,W,O,CATHWO,UD1XXXX,100.0
PE,FR ADDITIVE,NON-R,MOULDING,N.A.,E,FR,L,M,O,EFRLMO,UD1XXXX,100.0
PE,ATAR,NON-R,MOULDING,N.A.,E,AT,L,M,O,EATLMO,UD1XXXX,100.0
OTHER,GREY,NON-R,MOULDING,METALLIC,O,GY,L,M,M,OGYLMM,UD1XXXX,100.0
OTHER,GREY,NON-R,N.A.,METALLIC,O,GY,L,O,M,OGYLOM,UD1XXXX,100.0
OTHER,GREY,NON-R,PIPE,METALLIC,O,GY,L,P,M,OGYLPM,UD1XXXX,100.0
PE,BLACK,NON-R,MOULDING,METALLIC,E,BL,L,M,M,EBLLMM,UD1XXXX,100.0
PE,OTHER,NON-R,MOULDING,METALLIC,E,O,L,M,M,EOLMM,UD1XXXX,100.0
PE,OTHER,NON-R,N.A.,METALLIC,E,O,L,O,M,EOLOM,UD1XXXX,100.0
EVA,YELLOW,NON-R,FILM,METALLIC,V,YL,L,F,M,VYLLFM,UD1XXXX,100.0
EVA,WHITE,NON-R,FILM,METALLIC,V,WH,L,F,M,VWHLFM,UD1XXXX,100.0
EVA,BROWN,NON-R,FILM,METALLIC,V,BW,L,F,M,VBWLFM,UD1XXXX,100.0
PE,VIOLET,NON-R,MOULDING,,E,VL,L,M,X,EVLLMX,UD1XXXX,100.0
PVC,YELLOW,NON-R,PIPE,ZHFR,X,X,X,X,X,XXXXX,UD1XXXX,100.0
